experiment,config_key,ttft_ms,tpot_ms_per_token,sampled_peak_rss_mib,analytical_ttft_ms,analytical_tpot_ms_per_token,analytical_sampled_peak_rss_mib,gbm_ttft_ms,gbm_tpot_ms_per_token,gbm_sampled_peak_rss_mib,gbm_no_machine_state_ttft_ms,gbm_no_machine_state_tpot_ms_per_token,gbm_no_machine_state_sampled_peak_rss_mib
cache_size,INT4|CPU|pa|any|0|u8|True|2|cold|1920|64,14754.82,55.65,1569.1,13368.878497994143,56.297675726218664,1551.1859574802497,11760.62938299347,56.85860663265597,1580.5166284796342,12565.810549944536,62.89524599159611,1596.3363641302162
cache_size,INT4|CPU|pa|any|0|u8|True|2|cold|1920|64,15074.05,71.45,1595.1,13368.878497994143,56.297675726218664,1551.1859574802497,11385.429786896797,58.34006690419537,1585.2495728446866,12565.810549944536,62.89524599159611,1596.3363641302162
cache_size,INT4|CPU|pa|any|0|u8|True|2|cold|1920|64,14634.86,69.97,1620.2,13368.878497994143,56.297675726218664,1551.1859574802497,13624.682861131841,56.60025749034846,1580.8542650432896,12565.810549944536,62.89524599159611,1596.3363641302162
cache_size,INT4|CPU|pa|any|0|u8|True|4|cold|1920|64,15740.22,60.0,1570.3,13368.878497994143,56.297675726218664,1551.1859574802497,13726.899054486505,54.640020075047424,1582.5531140355847,12526.514925153595,61.18825703110569,1596.3410338598812
cache_size,INT4|CPU|pa|any|0|u8|True|4|cold|1920|64,15529.25,60.24,1595.8,13368.878497994143,56.297675726218664,1551.1859574802497,10783.651941137066,54.82737128192689,1584.4197297588307,12526.514925153595,61.18825703110569,1596.3410338598812
cache_size,INT4|CPU|pa|any|0|u8|True|4|cold|1920|64,15418.81,63.2,1621.6,13368.878497994143,56.297675726218664,1551.1859574802497,11763.383232364378,51.269410711937375,1593.6410245975765,12526.514925153595,61.18825703110569,1596.3410338598812
cache_size,INT4|CPU|pa|any|0|u8|True|4|cold|512|64,3909.8,48.65,1366.6,3763.607489163977,53.24441487252045,1359.6541194175988,3178.6502138968144,51.23426902562901,1367.2975264917436,3282.1834770891273,46.55230503513103,1371.9890120266627
cache_size,INT4|CPU|pa|any|0|u8|True|4|cold|512|64,3617.05,51.18,1373.9,3763.607489163977,53.24441487252045,1359.6541194175988,4098.062233573924,54.831413185807484,1370.1045696039575,3282.1834770891273,46.55230503513103,1371.9890120266627
cache_size,INT4|CPU|pa|any|0|u8|True|4|cold|512|64,3794.38,48.34,1381.1,3763.607489163977,53.24441487252045,1359.6541194175988,4635.961775725523,51.01037013453856,1375.9680614426352,3282.1834770891273,46.55230503513103,1371.9890120266627
cache_size,INT4|CPU|pa|any|0|u8|True|2|cold|512|64,3820.17,48.92,1363.5,3763.607489163977,53.24441487252045,1359.6541194175988,3715.8467463158577,57.485291819691206,1368.6588131201981,3289.2617102301097,46.61876791035764,1371.8769281429409
cache_size,INT4|CPU|pa|any|0|u8|True|2|cold|512|64,3927.99,48.96,1371.4,3763.607489163977,53.24441487252045,1359.6541194175988,4969.021021271014,52.80820850427761,1377.2054630555706,3289.2617102301097,46.61876791035764,1371.8769281429409
cache_size,INT4|CPU|pa|any|0|u8|True|2|cold|512|64,4121.95,50.84,1378.7,3763.607489163977,53.24441487252045,1359.6541194175988,3669.0150624554753,50.21523805954522,1367.2285884953371,3289.2617102301097,46.61876791035764,1371.8769281429409
cache_size,INT4|CPU|pa|any|0|u8|True|0|cold|512|64,4067.36,49.91,1350.7,3528.6955639217294,49.166276225724054,1359.1462787173882,3855.4377703881364,44.007036355901114,1352.6968067111961,3527.050124553431,46.67910442128869,1353.6468993687733
cache_size,INT4|CPU|pa|any|0|u8|True|0|cold|512|64,3860.66,48.47,1350.9,3528.6955639217294,49.166276225724054,1359.1462787173882,3849.9571406773257,40.10534366104071,1329.442496185369,3527.050124553431,46.67910442128869,1353.6468993687733
cache_size,INT4|CPU|pa|any|0|u8|True|0|cold|512|64,3803.01,48.09,1351.1,3528.6955639217294,49.166276225724054,1359.1462787173882,3818.2170008382436,51.76243213864945,1360.3222759521088,3527.050124553431,46.67910442128869,1353.6468993687733
cache_size,INT4|CPU|pa|any|0|u8|True|1|cold|512|64,4179.04,55.76,1364.3,3738.718020931421,52.508735572987014,1360.1951295793651,3724.8000812645596,49.69036672719471,1370.1642979077817,4044.6939209215634,54.2897864282216,1371.080927685161
cache_size,INT4|CPU|pa|any|0|u8|True|1|cold|512|64,4102.09,48.0,1372.0,3738.718020931421,52.508735572987014,1360.1951295793651,4339.3643442746525,49.10255187321009,1373.0993341039073,4044.6939209215634,54.2897864282216,1371.080927685161
cache_size,INT4|CPU|pa|any|0|u8|True|1|cold|512|64,4003.58,57.71,1379.5,3738.718020931421,52.508735572987014,1360.1951295793651,3784.677639316988,48.5766741625198,1367.4073415132173,4044.6939209215634,54.2897864282216,1371.080927685161
cache_size,INT4|CPU|pa|any|0|u8|True|1|cold|1920|64,15530.21,75.78,1570.4,13412.919282830157,56.7337064492846,1553.7348125881804,15357.48061393057,64.10717560697462,1586.1068270615403,12895.745899965172,57.482862437794076,1594.3048833367188
cache_size,INT4|CPU|pa|any|0|u8|True|1|cold|1920|64,16588.17,92.01,1596.4,13412.919282830157,56.7337064492846,1553.7348125881804,14715.54337896446,64.23708608744566,1580.8129012214583,12895.745899965172,57.482862437794076,1594.3048833367188
cache_size,INT4|CPU|pa|any|0|u8|True|1|cold|1920|64,16831.97,75.37,1621.7,13412.919282830157,56.7337064492846,1553.7348125881804,18136.55411089378,64.47962889145154,1599.4097789993616,12895.745899965172,57.482862437794076,1594.3048833367188
cache_size,INT4|CPU|pa|any|0|u8|True|0|cold|1920|64,15566.39,71.98,1541.4,13368.878497994143,56.297675726218664,1551.1859574802497,13888.892631576942,70.31753314680638,1592.3252255378663,13287.92317187851,57.07207410362605,1560.300762598955
cache_size,INT4|CPU|pa|any|0|u8|True|0|cold|1920|64,15743.92,74.47,1541.6,13368.878497994143,56.297675726218664,1551.1859574802497,13548.25273735479,57.34518813256601,1597.6954651293952,13287.92317187851,57.07207410362605,1560.300762598955
cache_size,INT4|CPU|pa|any|0|u8|True|0|cold|1920|64,15832.4,73.32,1541.8,13368.878497994143,56.297675726218664,1551.1859574802497,12992.220737083264,62.314924894630025,1596.0509184804591,13287.92317187851,57.07207410362605,1560.300762598955
cache_size,INT4|CPU|pa|any|0|u8|True|2|cold|512|64,4057.54,58.8,1363.2,3763.607489163977,53.24441487252045,1359.6541194175988,3399.1760511116286,55.35013048560898,1402.4790853945426,3289.2617102301097,46.61876791035764,1371.8769281429409
cache_size,INT4|CPU|pa|any|0|u8|True|2|cold|512|64,4124.69,59.9,1371.1,3763.607489163977,53.24441487252045,1359.6541194175988,3443.349302675591,56.91407474245002,1365.8620195557603,3289.2617102301097,46.61876791035764,1371.8769281429409
cache_size,INT4|CPU|pa|any|0|u8|True|2|cold|512|64,4342.87,60.14,1378.6,3763.607489163977,53.24441487252045,1359.6541194175988,3484.4475164615064,60.16649039667137,1371.6675135278394,3289.2617102301097,46.61876791035764,1371.8769281429409
cache_size,INT4|CPU|pa|any|0|u8|True|0|cold|1920|64,22860.74,71.88,1539.9,13368.878497994143,56.297675726218664,1551.1859574802497,10204.49223500487,52.71307685215065,1598.340243037698,13287.92317187851,57.07207410362605,1560.300762598955
cache_size,INT4|CPU|pa|any|0|u8|True|0|cold|1920|64,9728.43,50.22,1540.1,13368.878497994143,56.297675726218664,1551.1859574802497,12117.586583452954,67.34931863118457,1601.637563755771,13287.92317187851,57.07207410362605,1560.300762598955
cache_size,INT4|CPU|pa|any|0|u8|True|0|cold|1920|64,10979.78,49.39,1540.2,13368.878497994143,56.297675726218664,1551.1859574802497,10604.068874621036,56.961264647868596,1585.74886212295,13287.92317187851,57.07207410362605,1560.300762598955
cache_size,INT4|CPU|pa|any|0|u8|True|4|cold|1920|64,9568.52,48.36,1572.2,13368.878497994143,56.297675726218664,1551.1859574802497,10086.231462067879,48.86408649072092,1591.0957740511672,12526.514925153595,61.18825703110569,1596.3410338598812
cache_size,INT4|CPU|pa|any|0|u8|True|4|cold|1920|64,9212.49,46.57,1597.6,13368.878497994143,56.297675726218664,1551.1859574802497,10175.337172435178,48.65444051272953,1589.802576196857,12526.514925153595,61.18825703110569,1596.3410338598812
cache_size,INT4|CPU|pa|any|0|u8|True|4|cold|1920|64,9748.74,47.31,1623.4,13368.878497994143,56.297675726218664,1551.1859574802497,10180.763212880722,48.9359809212255,1589.8763400144944,12526.514925153595,61.18825703110569,1596.3410338598812
cache_size,INT4|CPU|pa|any|0|u8|True|1|cold|1920|64,9921.54,49.85,1571.6,13412.919282830157,56.7337064492846,1553.7348125881804,12180.315964532154,53.14134036406944,1597.441136794242,12895.745899965172,57.482862437794076,1594.3048833367188
cache_size,INT4|CPU|pa|any|0|u8|True|1|cold|1920|64,9257.34,49.48,1596.7,13412.919282830157,56.7337064492846,1553.7348125881804,14753.60432476768,60.07642924072009,1599.7187421515634,12895.745899965172,57.482862437794076,1594.3048833367188
cache_size,INT4|CPU|pa|any|0|u8|True|1|cold|1920|64,9683.65,47.49,1622.1,13412.919282830157,56.7337064492846,1553.7348125881804,14270.351989583158,51.776784997355435,1584.4272150140544,12895.745899965172,57.482862437794076,1594.3048833367188
cache_size,INT4|CPU|pa|any|0|u8|True|4|cold|512|64,2466.19,41.68,1364.8,3763.607489163977,53.24441487252045,1359.6541194175988,2496.893399683047,52.12729034380427,1374.5882493842246,3282.1834770891273,46.55230503513103,1371.9890120266627
cache_size,INT4|CPU|pa|any|0|u8|True|4|cold|512|64,2604.91,40.07,1372.7,3763.607489163977,53.24441487252045,1359.6541194175988,2844.3015986242367,53.19432529356423,1370.8625629059245,3282.1834770891273,46.55230503513103,1371.9890120266627
cache_size,INT4|CPU|pa|any|0|u8|True|4|cold|512|64,2379.81,41.41,1380.1,3763.607489163977,53.24441487252045,1359.6541194175988,2562.2188617094516,48.30528444604484,1372.3496025855736,3282.1834770891273,46.55230503513103,1371.9890120266627
cache_size,INT4|CPU|pa|any|0|u8|True|0|cold|512|64,2208.71,45.32,1350.9,3528.6955639217294,49.166276225724054,1359.1462787173882,2900.2308097211862,49.69568814984787,1357.928860638567,3527.050124553431,46.67910442128869,1353.6468993687733
cache_size,INT4|CPU|pa|any|0|u8|True|0|cold|512|64,2104.19,45.38,1351.1,3528.6955639217294,49.166276225724054,1359.1462787173882,3209.3520702359774,43.76361880529283,1350.9254656633852,3527.050124553431,46.67910442128869,1353.6468993687733
cache_size,INT4|CPU|pa|any|0|u8|True|0|cold|512|64,2078.15,43.38,1351.2,3528.6955639217294,49.166276225724054,1359.1462787173882,2939.1384950270512,50.23593750206704,1357.4440225105775,3527.050124553431,46.67910442128869,1353.6468993687733
cache_size,INT4|CPU|pa|any|0|u8|True|1|cold|512|64,2597.99,40.51,1363.6,3738.718020931421,52.508735572987014,1360.1951295793651,2813.877388644103,47.386343956919184,1371.1972405980891,4044.6939209215634,54.2897864282216,1371.080927685161
cache_size,INT4|CPU|pa|any|0|u8|True|1|cold|512|64,2658.67,40.3,1371.6,3738.718020931421,52.508735572987014,1360.1951295793651,2763.6369308936414,45.94629045908526,1370.8330589377144,4044.6939209215634,54.2897864282216,1371.080927685161
cache_size,INT4|CPU|pa|any|0|u8|True|1|cold|512|64,2665.39,40.26,1378.8,3738.718020931421,52.508735572987014,1360.1951295793651,2789.014908857925,48.78589856719643,1371.0520911418382,4044.6939209215634,54.2897864282216,1371.080927685161
cache_size,INT4|CPU|pa|any|0|u8|True|2|cold|1920|64,11066.02,51.5,1569.7,13368.878497994143,56.297675726218664,1551.1859574802497,11501.203434866096,50.663046970789644,1591.2144108104624,12565.810549944536,62.89524599159611,1596.3363641302162
cache_size,INT4|CPU|pa|any|0|u8|True|2|cold|1920|64,11001.71,50.29,1595.1,13368.878497994143,56.297675726218664,1551.1859574802497,11698.567520025736,55.25656992888467,1599.778827625685,12565.810549944536,62.89524599159611,1596.3363641302162
cache_size,INT4|CPU|pa|any|0|u8|True|2|cold|1920|64,11637.91,50.63,1619.5,13368.878497994143,56.297675726218664,1551.1859574802497,11413.228468456777,56.37588036230804,1599.6363860080412,12565.810549944536,62.89524599159611,1596.3363641302162
device_cores,INT8|GPU|pa|any|0|u8|True|0|cold|128|64,250.72,66.92,1516.0,225.523125,37.68,1564.05,328.78648602310267,36.65486368885079,2067.648078954744,307.8156896576367,44.828638101335805,2049.560835474785
device_cores,INT8|GPU|pa|any|0|u8|True|0|cold|128|64,276.4,46.76,1518.5,225.523125,37.68,1564.05,233.18865511879062,37.790165912487545,2097.1685914672216,307.8156896576367,44.828638101335805,2049.560835474785
device_cores,INT8|GPU|pa|any|0|u8|True|0|cold|128|64,292.42,36.41,1514.0,225.523125,37.68,1564.05,234.3301243056905,37.22109505534728,2089.3206644881834,307.8156896576367,44.828638101335805,2049.560835474785
device_cores,INT4|CPU|pa|any|0|u8|True|0|cold|1024|64,7904.46,56.99,1429.4,7111.247431114031,52.66424391393978,1432.2302419434086,7407.752041969436,57.395367041416996,1424.8691110874327,10556.739916221677,50.28562563025117,1452.8977551818743
device_cores,INT4|CPU|pa|any|0|u8|True|0|cold|1024|64,7749.75,50.12,1429.5,7111.247431114031,52.66424391393978,1432.2302419434086,7420.714683497248,73.07662348083434,1420.7238607176369,10556.739916221677,50.28562563025117,1452.8977551818743
device_cores,INT4|CPU|pa|any|0|u8|True|0|cold|1024|64,7171.47,53.98,1429.7,7111.247431114031,52.66424391393978,1432.2302419434086,7025.058107672452,60.18456429830051,1425.566858792931,10556.739916221677,50.28562563025117,1452.8977551818743
device_cores,INT4|CPU|pa|any|8|u8|True|0|cold|1024|64,7985.3,46.0,1428.2,7748.24,44.11,1435.7329033149679,5899.851488414859,45.39155341829099,1433.2637388789226,8915.62315035759,51.74191208392108,1424.7934718149572
device_cores,INT4|CPU|pa|any|8|u8|True|0|cold|1024|64,7567.19,43.72,1428.3,7748.24,44.11,1435.7329033149679,5934.413832546821,44.843144548835774,1429.6155801323173,8915.62315035759,51.74191208392108,1424.7934718149572
device_cores,INT4|CPU|pa|any|8|u8|True|0|cold|1024|64,7651.84,46.18,1428.5,7748.24,44.11,1435.7329033149679,5960.1747214434,44.765258418324,1430.9565446527267,8915.62315035759,51.74191208392108,1424.7934718149572
device_cores,INT4|CPU|pa|any|4|u8|True|0|cold|128|64,1592.87,50.12,1306.6,1680.95875,67.83,1306.9614957259284,1083.6993942602705,42.80105298044884,1303.8053424048603,1247.4349127045607,43.49213500343252,1306.4333723104635
device_cores,INT4|CPU|pa|any|4|u8|True|0|cold|128|64,1621.82,47.33,1306.8,1680.95875,67.83,1306.9614957259284,1080.6604212848827,42.832088010077456,1294.9505481795015,1247.4349127045607,43.49213500343252,1306.4333723104635
device_cores,INT4|CPU|pa|any|4|u8|True|0|cold|128|64,1494.09,43.62,1307.0,1680.95875,67.83,1306.9614957259284,1079.759098214017,41.7596086668686,1305.0239911095227,1247.4349127045607,43.49213500343252,1306.4333723104635
device_cores,INT8|CPU|pa|pcore|0|u8|True|0|cold|1024|64,8870.38,51.15,2216.4,8101.360000000001,58.595,2211.389441807575,6467.253338536288,55.44682829802882,2219.257718204658,7218.231409248122,55.645727696534315,2211.48233930182
device_cores,INT8|CPU|pa|pcore|0|u8|True|0|cold|1024|64,7275.11,51.75,2216.6,8101.360000000001,58.595,2211.389441807575,6612.724532064242,55.54113512343764,2223.8152702352936,7218.231409248122,55.645727696534315,2211.48233930182
device_cores,INT8|CPU|pa|pcore|0|u8|True|0|cold|1024|64,7736.43,50.9,2216.7,8101.360000000001,58.595,2211.389441807575,6584.026530184926,56.8700780328586,2224.718165230541,7218.231409248122,55.645727696534315,2211.48233930182
device_cores,INT4|CPU|pa|ecore|0|u8|True|0|cold|128|64,1117.27,51.93,1304.7,1126.401875,67.47999999999999,1308.1067219700328,1142.004790268013,44.84186467973605,1308.670961207698,1436.9213488974042,61.14010022141222,1308.321155518816
device_cores,INT4|CPU|pa|ecore|0|u8|True|0|cold|128|64,1295.46,52.17,1304.9,1126.401875,67.47999999999999,1308.1067219700328,1015.8989303526041,43.49887032080249,1304.3543915420803,1436.9213488974042,61.14010022141222,1308.321155518816
device_cores,INT4|CPU|pa|ecore|0|u8|True|0|cold|128|64,1271.65,53.01,1305.0,1126.401875,67.47999999999999,1308.1067219700328,1016.88801814641,43.03399631799018,1303.7701097839206,1436.9213488974042,61.14010022141222,1308.321155518816
device_cores,INT4|GPU|pa|any|0|u8|True|0|cold|1024|64,1722.23,26.36,1171.2,2520.04,26.634999999999998,1080.3,6702.7839631520865,43.97539320574882,1363.7144891633711,3651.5446225189994,45.07096751236014,1308.1078446779288
device_cores,INT4|GPU|pa|any|0|u8|True|0|cold|1024|64,1771.68,28.03,1169.2,2520.04,26.634999999999998,1080.3,6379.134237623188,43.667414109478834,1405.5557169017256,3651.5446225189994,45.07096751236014,1308.1078446779288
device_cores,INT4|GPU|pa|any|0|u8|True|0|cold|1024|64,1761.42,28.29,1169.0,2520.04,26.634999999999998,1080.3,6087.624905061163,40.769322184904674,1390.3825605167092,3651.5446225189994,45.07096751236014,1308.1078446779288
device_cores,INT4|CPU|pa|any|4|u8|True|0|cold|1024|64,11561.4,51.24,1424.9,11725.72,52.235,1435.7329033149679,5389.610740080509,40.75466906455075,1423.8475904177433,9036.1820182465,54.69864655173237,1424.763910359855
device_cores,INT4|CPU|pa|any|4|u8|True|0|cold|1024|64,11122.3,54.2,1425.0,11725.72,52.235,1435.7329033149679,6255.184526424857,45.466681311552556,1425.0411476744175,9036.1820182465,54.69864655173237,1424.763910359855
device_cores,INT4|CPU|pa|any|4|u8|True|0|cold|1024|64,12330.06,51.5,1425.2,11725.72,52.235,1435.7329033149679,6271.387446902133,51.67924586207489,1434.3785110031538,9036.1820182465,54.69864655173237,1424.763910359855
device_cores,INT8|CPU|pa|any|0|u8|True|0|cold|1024|64,6757.27,61.48,2215.6,7222.616657299889,68.9416067665867,2211.8205289891857,7127.378689026573,68.31967401278818,2217.849723524046,19487.08124100224,68.70812910617474,2217.0567747499967
device_cores,INT8|CPU|pa|any|0|u8|True|0|cold|1024|64,6815.94,61.76,2215.8,7222.616657299889,68.9416067665867,2211.8205289891857,7342.581073879127,70.87253906036868,2214.6102219734225,19487.08124100224,68.70812910617474,2217.0567747499967
device_cores,INT8|CPU|pa|any|0|u8|True|0|cold|1024|64,7045.38,60.11,2215.9,7222.616657299889,68.9416067665867,2211.8205289891857,7115.923043164657,68.21897673661485,2216.5391084109624,19487.08124100224,68.70812910617474,2217.0567747499967
device_cores,INT4|CPU|pa|pcore|0|u8|True|0|cold|1024|64,7772.61,38.97,1427.0,8470.36,38.245,1429.6463397251412,7293.390478551711,46.886633724116564,1426.9654312071007,7624.9476457779265,47.430548053343806,1424.349592367564
device_cores,INT4|CPU|pa|pcore|0|u8|True|0|cold|1024|64,7705.08,37.1,1427.1,8470.36,38.245,1429.6463397251412,6770.246653188528,44.98681959226694,1429.8946651707454,7624.9476457779265,47.430548053343806,1424.349592367564
device_cores,INT4|CPU|pa|pcore|0|u8|True|0|cold|1024|64,7458.53,38.31,1427.3,8470.36,38.245,1429.6463397251412,6782.333365978272,45.50412994787632,1430.0392011020126,7624.9476457779265,47.430548053343806,1424.349592367564
device_cores,INT4|CPU|pa|pcore|0|u8|True|0|cold|128|64,1007.41,37.23,1306.0,1134.505625,46.9,1306.5745507841666,1247.914288689042,44.60635697585274,1305.636859038659,1232.2324367894344,62.48909464884326,1306.7511109761526
device_cores,INT4|CPU|pa|pcore|0|u8|True|0|cold|128|64,1099.57,35.62,1306.3,1134.505625,46.9,1306.5745507841666,1102.8247055410593,45.37257876931913,1294.5630281872693,1232.2324367894344,62.48909464884326,1306.7511109761526
device_cores,INT4|CPU|pa|pcore|0|u8|True|0|cold|128|64,1037.04,33.71,1306.4,1134.505625,46.9,1306.5745507841666,1070.070810261636,45.34192390597137,1322.539831672385,1232.2324367894344,62.48909464884326,1306.7511109761526
device_cores,INT4|CPU|pa|any|8|u8|True|0|cold|128|64,922.25,38.95,1306.8,1235.20375,60.265,1308.1067219700328,1274.221164041628,43.86721375192311,1303.3783667343266,1416.3494901571055,51.639895034968326,1307.5081945079858
device_cores,INT4|CPU|pa|any|8|u8|True|0|cold|128|64,989.25,38.29,1307.0,1235.20375,60.265,1308.1067219700328,1271.792968453636,44.40705768227437,1303.4971260910477,1416.3494901571055,51.639895034968326,1307.5081945079858
device_cores,INT4|CPU|pa|any|8|u8|True|0|cold|128|64,870.22,37.38,1307.3,1235.20375,60.265,1308.1067219700328,1274.221164041628,43.86721375192311,1303.3783667343266,1416.3494901571055,51.639895034968326,1307.5081945079858
device_cores,INT8|CPU|pa|ecore|0|u8|True|0|cold|1024|64,8917.25,84.34,2214.3,11881.0,83.905,2211.389441807575,8185.146305856233,68.24203195609608,2215.407524133612,8883.894875885417,79.41248191549855,2213.5644812327
device_cores,INT8|CPU|pa|ecore|0|u8|True|0|cold|1024|64,8142.17,79.7,2214.6,11881.0,83.905,2211.389441807575,7761.215664111866,67.42109365994338,2216.568457503899,8883.894875885417,79.41248191549855,2213.5644812327
device_cores,INT8|CPU|pa|ecore|0|u8|True|0|cold|1024|64,8858.02,89.88,2214.8,11881.0,83.905,2211.389441807575,6804.340887169248,63.07935592437529,2216.693598863849,8883.894875885417,79.41248191549855,2213.5644812327
device_cores,INT8|CPU|pa|any|0|u8|True|0|cold|128|64,1013.77,63.64,2097.4,889.9252328055973,62.133540624078215,2090.3391886680506,1161.7525728493138,60.87053461456227,2100.557807426676,1336.4356858280885,76.90760947534065,2093.2246682278073
device_cores,INT8|CPU|pa|any|0|u8|True|0|cold|128|64,1012.81,60.77,2097.7,889.9252328055973,62.133540624078215,2090.3391886680506,1027.3775409857312,56.33021907136595,2092.782189833766,1336.4356858280885,76.90760947534065,2093.2246682278073
device_cores,INT8|CPU|pa|any|0|u8|True|0|cold|128|64,1102.16,64.78,2097.8,889.9252328055973,62.133540624078215,2090.3391886680506,1087.9425409390055,56.5153840972329,2093.5736158253007,1336.4356858280885,76.90760947534065,2093.2246682278073
device_cores,INT8|CPU|pa|any|4|u8|True|0|cold|1024|64,12965.72,75.98,2214.3,11794.08,78.11,2211.8205289891857,13447.582665192178,81.32460857180567,2217.5555654323443,9213.031046966715,75.13298872505327,2215.2341172961023
device_cores,INT8|CPU|pa|any|4|u8|True|0|cold|1024|64,11308.12,78.4,2214.6,11794.08,78.11,2211.8205289891857,12807.977408781193,85.1359438667583,2216.7868373803312,9213.031046966715,75.13298872505327,2215.2341172961023
device_cores,INT8|CPU|pa|any|4|u8|True|0|cold|1024|64,11936.57,85.92,2214.7,11794.08,78.11,2211.8205289891857,13525.626346925816,87.80935737822224,2219.9959003413696,9213.031046966715,75.13298872505327,2215.2341172961023
device_cores,INT8|GPU|pa|any|0|u8|True|0|cold|1024|64,1872.27,38.64,1549.8,2331.04,40.555,1494.4,4955.283934811616,61.72449601221234,1941.0659020908809,2706.5293598260764,48.22402877380745,1970.8635114546728
device_cores,INT8|GPU|pa|any|0|u8|True|0|cold|1024|64,1779.01,39.75,1562.0,2331.04,40.555,1494.4,5257.943394875115,52.791779118423015,2001.4399971487924,2706.5293598260764,48.22402877380745,1970.8635114546728
device_cores,INT8|GPU|pa|any|0|u8|True|0|cold|1024|64,2204.76,40.5,1550.0,2331.04,40.555,1494.4,6758.51579657769,43.57082508166146,2093.304438155638,2706.5293598260764,48.22402877380745,1970.8635114546728
device_cores,INT8|CPU|pa|any|4|u8|True|0|cold|128|64,1153.3,78.52,2095.9,1258.3175,77.19,2092.780351763903,1250.1221643060605,68.84161204280481,2144.7628605073246,1606.1833836994658,78.87541169326734,2094.6203022583113
device_cores,INT8|CPU|pa|any|4|u8|True|0|cold|128|64,1352.36,74.94,2096.1,1258.3175,77.19,2092.780351763903,1119.4931221553347,64.77785824979028,2082.942462962743,1606.1833836994658,78.87541169326734,2094.6203022583113
device_cores,INT8|CPU|pa|any|4|u8|True|0|cold|128|64,1628.41,75.39,2096.2,1258.3175,77.19,2092.780351763903,1087.9541350185025,65.01499077670603,2094.5028157664733,1606.1833836994658,78.87541169326734,2094.6203022583113
device_cores,INT4|GPU|pa|any|0|u8|True|0|cold|128|64,638.28,25.35,1079.5,278.5277419354836,35.22579738562091,1125.9314249363867,268.64150555129874,42.13766793479643,1177.2795272461042,232.2739446016267,28.323048707955614,1095.4834471943323
device_cores,INT4|GPU|pa|any|0|u8|True|0|cold|128|64,350.11,27.31,1081.1,278.5277419354836,35.22579738562091,1125.9314249363867,282.7166946793974,40.48769895290754,1178.488119390792,232.2739446016267,28.323048707955614,1095.4834471943323
device_cores,INT4|GPU|pa|any|0|u8|True|0|cold|128|64,360.82,29.06,1081.1,278.5277419354836,35.22579738562091,1125.9314249363867,282.768219597818,41.14359686070354,1173.6381636497474,232.2739446016267,28.323048707955614,1095.4834471943323
device_cores,INT8|CPU|pa|ecore|0|u8|True|0|cold|128|64,1360.78,75.02,2094.9,1364.66875,101.28999999999999,2090.8008969368752,1489.5451454426602,58.35225775945576,2079.5464974477563,1219.6840013802196,74.02755520272187,2093.0605011754874
device_cores,INT8|CPU|pa|ecore|0|u8|True|0|cold|128|64,1254.73,73.26,2095.1,1364.66875,101.28999999999999,2090.8008969368752,1143.644983419417,59.945942437452665,2096.162283282645,1219.6840013802196,74.02755520272187,2093.0605011754874
device_cores,INT8|CPU|pa|ecore|0|u8|True|0|cold|128|64,1237.1,73.6,2095.2,1364.66875,101.28999999999999,2090.8008969368752,1153.6357220383363,60.30821059295212,2093.958473578935,1219.6840013802196,74.02755520272187,2093.0605011754874
device_cores,INT8|CPU|pa|pcore|0|u8|True|0|cold|128|64,1099.88,57.96,2093.4,1090.5618749999999,52.144999999999996,2091.2696085386897,1172.7171822759997,68.3289563547713,2176.547033940202,1387.219635751442,72.13568166622022,1914.6875355635748
device_cores,INT8|CPU|pa|pcore|0|u8|True|0|cold|128|64,986.79,54.43,2093.6,1090.5618749999999,52.144999999999996,2091.2696085386897,1311.111979528929,67.1801270374829,2117.394636972278,1387.219635751442,72.13568166622022,1914.6875355635748
device_cores,INT8|CPU|pa|pcore|0|u8|True|0|cold|128|64,1160.53,59.23,2093.7,1090.5618749999999,52.144999999999996,2091.2696085386897,1257.590939378977,67.58543072619744,2154.381334607946,1387.219635751442,72.13568166622022,1914.6875355635748
device_cores,INT4|CPU|pa|ecore|0|u8|True|0|cold|1024|64,8830.16,67.3,1426.7,10285.84,53.545,1433.3051750724146,8734.584859963483,64.90055172055956,1450.0728708832899,8638.122134681218,74.2661446863,1424.305761839804
device_cores,INT4|CPU|pa|ecore|0|u8|True|0|cold|1024|64,8507.75,66.41,1426.8,10285.84,53.545,1433.3051750724146,9637.14213913683,69.61902920949252,1421.6692883777853,8638.122134681218,74.2661446863,1424.305761839804
device_cores,INT4|CPU|pa|ecore|0|u8|True|0|cold|1024|64,8472.48,68.06,1426.9,10285.84,53.545,1433.3051750724146,8281.81262187432,67.19682062748834,1430.2899164378168,8638.122134681218,74.2661446863,1424.305761839804
device_cores,INT4|CPU|pa|any|0|u8|True|0|cold|128|64,1219.28,54.0,1308.2,841.7816635275026,46.542800459562265,1304.3333062978727,1155.7825407910198,36.321005878911734,1175.9508941372965,1168.729294489626,31.420082813561667,1193.864493725117
device_cores,INT4|CPU|pa|any|0|u8|True|0|cold|128|64,1054.19,51.89,1308.5,841.7816635275026,46.542800459562265,1304.3333062978727,1485.1456839844336,58.15566443913249,1205.6672434499735,1168.729294489626,31.420082813561667,1193.864493725117
device_cores,INT4|CPU|pa|any|0|u8|True|0|cold|128|64,1105.11,54.02,1308.6,841.7816635275026,46.542800459562265,1304.3333062978727,1571.224584410001,54.83602962278007,1260.9349894277411,1168.729294489626,31.420082813561667,1193.864493725117
device_cores,INT8|CPU|pa|any|8|u8|True|0|cold|128|64,1084.09,71.36,2093.8,999.930625,74.795,2090.8008969368752,1361.8862054730932,74.56072154976995,2006.1571640581565,1107.236849729263,78.34165295008319,2096.2497664017287
device_cores,INT8|CPU|pa|any|8|u8|True|0|cold|128|64,1011.55,73.13,2094.0,999.930625,74.795,2090.8008969368752,1186.6068493570892,75.53125512924157,2098.450030462743,1107.236849729263,78.34165295008319,2096.2497664017287
device_cores,INT8|CPU|pa|any|8|u8|True|0|cold|128|64,1144.33,70.85,2094.1,999.930625,74.795,2090.8008969368752,1359.6519139328784,78.20073058648512,2098.112356584765,1107.236849729263,78.34165295008319,2096.2497664017287
device_cores,INT8|CPU|pa|any|8|u8|True|0|cold|1024|64,9346.01,86.13,2215.0,10902.0,74.99,2212.006508028188,10722.515640442918,78.59914820978673,2196.029266628044,8647.519910088502,77.49772137188,2213.8664666794657
device_cores,INT8|CPU|pa|any|8|u8|True|0|cold|1024|64,8678.82,84.92,2215.2,10902.0,74.99,2212.006508028188,9030.078046177461,78.80672773383186,2214.7174766389103,8647.519910088502,77.49772137188,2213.8664666794657
device_cores,INT8|CPU|pa|any|8|u8|True|0|cold|1024|64,8789.83,78.23,2215.4,10902.0,74.99,2212.006508028188,7346.169480054883,71.6018972213124,2214.340501885808,8647.519910088502,77.49772137188,2213.8664666794657
device_cores,INT8|CPU|pa|any|4|u8|True|0|cold|128|64,1385.24,82.51,2096.2,1258.3175,77.19,2092.780351763903,1261.6796565903685,81.28980174461476,2116.293522171471,1606.1833836994658,78.87541169326734,2094.6203022583113
device_cores,INT8|CPU|pa|any|4|u8|True|0|cold|128|64,1563.28,80.7,2096.5,1258.3175,77.19,2092.780351763903,1707.4695884346927,76.08127729847496,2090.7926227500766,1606.1833836994658,78.87541169326734,2094.6203022583113
device_cores,INT8|CPU|pa|any|4|u8|True|0|cold|128|64,1578.87,77.7,2096.6,1258.3175,77.19,2092.780351763903,1278.177066875392,86.55161047442239,2119.7761305630847,1606.1833836994658,78.87541169326734,2094.6203022583113
device_cores,INT8|GPU|pa|any|0|u8|True|0|cold|128|64,542.88,39.81,1471.7,225.523125,37.68,1564.05,250.69169529439276,41.80335233157485,2088.76220484217,307.8156896576367,44.828638101335805,2049.560835474785
device_cores,INT8|GPU|pa|any|0|u8|True|0|cold|128|64,290.63,40.64,1473.3,225.523125,37.68,1564.05,198.46955061594392,42.22612118219436,2067.5992008896205,307.8156896576367,44.828638101335805,2049.560835474785
device_cores,INT8|GPU|pa|any|0|u8|True|0|cold|128|64,292.13,40.47,1474.8,225.523125,37.68,1564.05,200.15507227429205,42.37024493900718,2088.4301231274226,307.8156896576367,44.828638101335805,2049.560835474785
device_cores,INT4|CPU|pa|ecore|0|u8|True|0|cold|128|64,1290.54,58.93,1307.9,1126.401875,67.47999999999999,1308.1067219700328,1358.510070265044,59.50435973729724,1316.6101146504186,1436.9213488974042,61.14010022141222,1308.321155518816
device_cores,INT4|CPU|pa|ecore|0|u8|True|0|cold|128|64,1280.92,78.91,1308.2,1126.401875,67.47999999999999,1308.1067219700328,1043.3310766010572,62.180270196903585,1289.768666683879,1436.9213488974042,61.14010022141222,1308.321155518816
device_cores,INT4|CPU|pa|ecore|0|u8|True|0|cold|128|64,2082.6,54.08,1308.2,1126.401875,67.47999999999999,1308.1067219700328,1333.2713846756483,63.6386911655393,1306.8429130864756,1436.9213488974042,61.14010022141222,1308.321155518816
device_cores,INT4|CPU|pa|any|4|u8|True|0|cold|128|64,1179.58,57.0,1306.0,1680.95875,67.83,1306.9614957259284,1100.639887820655,48.041749437747754,1303.6669479876277,1247.4349127045607,43.49213500343252,1306.4333723104635
device_cores,INT4|CPU|pa|any|4|u8|True|0|cold|128|64,1437.34,54.35,1306.3,1680.95875,67.83,1306.9614957259284,1099.8234631696835,46.602306013616136,1304.266758169852,1247.4349127045607,43.49213500343252,1306.4333723104635
device_cores,INT4|CPU|pa|any|4|u8|True|0|cold|128|64,1409.31,57.68,1306.4,1680.95875,67.83,1306.9614957259284,1029.0051549132352,45.51270112713097,1305.4473136029867,1247.4349127045607,43.49213500343252,1306.4333723104635
device_cores,INT8|CPU|pa|any|8|u8|True|0|cold|1024|64,6110.96,66.75,2215.1,10902.0,74.99,2212.006508028188,7096.192038211757,72.21128754284037,2219.0433025617003,8647.519910088502,77.49772137188,2213.8664666794657
device_cores,INT8|CPU|pa|any|8|u8|True|0|cold|1024|64,7320.07,67.49,2215.3,10902.0,74.99,2212.006508028188,6929.5973278577785,75.21921857436014,2215.6540229367833,8647.519910088502,77.49772137188,2213.8664666794657
device_cores,INT8|CPU|pa|any|8|u8|True|0|cold|1024|64,6948.52,71.36,2215.4,10902.0,74.99,2212.006508028188,8176.601421941431,73.82559822406523,2220.9679787193945,8647.519910088502,77.49772137188,2213.8664666794657
device_cores,INT8|CPU|pa|any|4|u8|True|0|cold|1024|64,5664.81,73.59,2213.0,11794.08,78.11,2211.8205289891857,7897.743203977643,70.57879660903687,2207.5393246086664,9213.031046966715,75.13298872505327,2215.2341172961023
device_cores,INT8|CPU|pa|any|4|u8|True|0|cold|1024|64,6910.59,69.04,2213.2,11794.08,78.11,2211.8205289891857,9472.325012625204,73.33361704304745,2218.3086862708237,9213.031046966715,75.13298872505327,2215.2341172961023
device_cores,INT8|CPU|pa|any|4|u8|True|0|cold|1024|64,8824.96,83.21,2213.4,11794.08,78.11,2211.8205289891857,7769.725535224522,62.95847890079928,2209.2316059569102,9213.031046966715,75.13298872505327,2215.2341172961023
device_cores,INT8|GPU|pa|any|0|u8|True|0|cold|1024|64,1746.49,36.62,1566.1,2331.04,40.555,1494.4,5358.175292128591,52.623124407713675,2002.491856567907,2706.5293598260764,48.22402877380745,1970.8635114546728
device_cores,INT8|GPU|pa|any|0|u8|True|0|cold|1024|64,1736.18,35.74,1567.2,2331.04,40.555,1494.4,5732.088710189988,53.56061309564767,2005.1306710578185,2706.5293598260764,48.22402877380745,1970.8635114546728
device_cores,INT8|GPU|pa|any|0|u8|True|0|cold|1024|64,1829.36,36.72,1566.9,2331.04,40.555,1494.4,5331.022273503763,53.91175099637584,2003.9113695601131,2706.5293598260764,48.22402877380745,1970.8635114546728
device_cores,INT4|CPU|pa|any|8|u8|True|0|cold|128|64,1025.54,49.27,1305.6,1235.20375,60.265,1308.1067219700328,1099.7300006253483,60.09026834300134,1302.9321195801342,1416.3494901571055,51.639895034968326,1307.5081945079858
device_cores,INT4|CPU|pa|any|8|u8|True|0|cold|128|64,947.81,49.48,1305.9,1235.20375,60.265,1308.1067219700328,1074.0513168529149,60.865265488405136,1306.4861370660383,1416.3494901571055,51.639895034968326,1307.5081945079858
device_cores,INT4|CPU|pa|any|8|u8|True|0|cold|128|64,994.9,49.8,1306.0,1235.20375,60.265,1308.1067219700328,1059.3263682181105,60.96704619474578,1304.010121053665,1416.3494901571055,51.639895034968326,1307.5081945079858
device_cores,INT4|CPU|pa|pcore|0|u8|True|0|cold|128|64,808.77,39.26,1308.7,1134.505625,46.9,1306.5745507841666,1295.7990749091532,58.90708185424598,1306.0581681685228,1232.2324367894344,62.48909464884326,1306.7511109761526
device_cores,INT4|CPU|pa|pcore|0|u8|True|0|cold|128|64,1303.43,45.37,1307.9,1134.505625,46.9,1306.5745507841666,1843.9969569850084,62.37935955579947,1304.6925842779735,1232.2324367894344,62.48909464884326,1306.7511109761526
device_cores,INT4|CPU|pa|pcore|0|u8|True|0|cold|128|64,1080.55,44.95,1307.9,1134.505625,46.9,1306.5745507841666,1779.9092097606547,62.74987281550717,1303.8265376516067,1232.2324367894344,62.48909464884326,1306.7511109761526
device_cores,INT4|GPU|pa|any|0|u8|True|0|cold|128|64,269.64,26.41,1287.4,278.5277419354836,35.22579738562091,1125.9314249363867,239.90939096484846,54.6852680453608,1170.7207883529647,232.2739446016267,28.323048707955614,1095.4834471943323
device_cores,INT4|GPU|pa|any|0|u8|True|0|cold|128|64,279.9,26.86,1074.8,278.5277419354836,35.22579738562091,1125.9314249363867,216.48562404697645,48.35025301409767,1153.3206365212343,232.2739446016267,28.323048707955614,1095.4834471943323
device_cores,INT4|GPU|pa|any|0|u8|True|0|cold|128|64,270.52,25.99,1071.6,278.5277419354836,35.22579738562091,1125.9314249363867,215.0408200386733,46.73219413635241,1169.7306900503172,232.2739446016267,28.323048707955614,1095.4834471943323
device_cores,INT8|CPU|pa|any|0|u8|True|0|cold|1024|64,13308.29,119.49,2214.7,7222.616657299889,68.9416067665867,2211.8205289891857,12515.997846569024,116.53162145126517,2245.9111140938912,19487.08124100224,68.70812910617474,2217.0567747499967
device_cores,INT8|CPU|pa|any|0|u8|True|0|cold|1024|64,13461.32,115.08,2215.0,7222.616657299889,68.9416067665867,2211.8205289891857,13450.251657518167,120.27513468638372,2219.609221314436,19487.08124100224,68.70812910617474,2217.0567747499967
device_cores,INT8|CPU|pa|any|0|u8|True|0|cold|1024|64,12476.88,106.81,2215.1,7222.616657299889,68.9416067665867,2211.8205289891857,13329.651862516686,118.00733154834161,2246.0286379446866,19487.08124100224,68.70812910617474,2217.0567747499967
device_cores,INT8|CPU|pa|any|8|u8|True|0|cold|128|64,2103.15,76.85,2095.1,999.930625,74.795,2090.8008969368752,1721.2983553000504,76.23369748347795,2090.7615741320005,1107.236849729263,78.34165295008319,2096.2497664017287
device_cores,INT8|CPU|pa|any|8|u8|True|0|cold|128|64,1581.17,91.6,2095.3,999.930625,74.795,2090.8008969368752,1257.1169394299143,74.32523189962208,2093.3983048973146,1107.236849729263,78.34165295008319,2096.2497664017287
device_cores,INT8|CPU|pa|any|8|u8|True|0|cold|128|64,1616.43,92.26,2095.4,999.930625,74.795,2090.8008969368752,1854.9155911715013,80.40352323683533,2095.0726974812346,1107.236849729263,78.34165295008319,2096.2497664017287
device_cores,INT8|CPU|pa|ecore|0|u8|True|0|cold|128|64,1609.47,96.08,2095.3,1364.66875,101.28999999999999,2090.8008969368752,1174.2316978621047,80.0250571175712,2093.6814097439437,1219.6840013802196,74.02755520272187,2093.0605011754874
device_cores,INT8|CPU|pa|ecore|0|u8|True|0|cold|128|64,1617.85,93.07,2095.5,1364.66875,101.28999999999999,2090.8008969368752,1655.5196905810094,79.3088650951072,2092.178231621986,1219.6840013802196,74.02755520272187,2093.0605011754874
device_cores,INT8|CPU|pa|ecore|0|u8|True|0|cold|128|64,1690.38,92.79,2095.6,1364.66875,101.28999999999999,2090.8008969368752,1097.426872722341,76.93207003092742,2121.2848424914064,1219.6840013802196,74.02755520272187,2093.0605011754874
device_cores,INT8|CPU|pa|ecore|0|u8|True|0|cold|1024|64,12917.45,132.51,2216.2,11881.0,83.905,2211.389441807575,11740.792620744436,109.48157992506633,2214.213061919803,8883.894875885417,79.41248191549855,2213.5644812327
device_cores,INT8|CPU|pa|ecore|0|u8|True|0|cold|1024|64,13377.03,118.35,2216.4,11881.0,83.905,2211.389441807575,11777.110461628245,111.7220407189404,2214.6842283421643,8883.894875885417,79.41248191549855,2213.5644812327
device_cores,INT8|CPU|pa|ecore|0|u8|True|0|cold|1024|64,13998.79,112.7,2215.6,11881.0,83.905,2211.389441807575,28668.792462406513,108.62592854857056,2218.5229838310133,8883.894875885417,79.41248191549855,2213.5644812327
device_cores,INT8|CPU|pa|any|0|u8|True|0|cold|128|64,2038.25,98.87,2097.1,889.9252328055973,62.133540624078215,2090.3391886680506,3649.515803936816,100.08265649885317,2092.975597932509,1336.4356858280885,76.90760947534065,2093.2246682278073
device_cores,INT8|CPU|pa|any|0|u8|True|0|cold|128|64,2009.97,99.34,2097.5,889.9252328055973,62.133540624078215,2090.3391886680506,3284.501806137158,104.60015540488317,2096.6904168196634,1336.4356858280885,76.90760947534065,2093.2246682278073
device_cores,INT8|CPU|pa|any|0|u8|True|0|cold|128|64,2243.68,74.04,2097.5,889.9252328055973,62.133540624078215,2090.3391886680506,1933.2630473960817,97.00855834360456,2093.6156058950623,1336.4356858280885,76.90760947534065,2093.2246682278073
device_cores,INT4|GPU|pa|any|0|u8|True|0|cold|1024|64,1469.64,29.2,1158.0,2520.04,26.634999999999998,1080.3,7305.396919719442,50.353595580972915,1345.023709668447,3651.5446225189994,45.07096751236014,1308.1078446779288
device_cores,INT4|GPU|pa|any|0|u8|True|0|cold|1024|64,1635.52,27.39,1156.8,2520.04,26.634999999999998,1080.3,7465.571036218373,46.31290499078759,1312.8116432543447,3651.5446225189994,45.07096751236014,1308.1078446779288
device_cores,INT4|GPU|pa|any|0|u8|True|0|cold|1024|64,1758.43,28.62,1156.5,2520.04,26.634999999999998,1080.3,6895.85769599754,49.63785972382549,1339.4691722999519,3651.5446225189994,45.07096751236014,1308.1078446779288
device_cores,INT4|CPU|pa|pcore|0|u8|True|0|cold|1024|64,10847.26,55.01,1424.0,8470.36,38.245,1429.6463397251412,9480.949833320186,59.28617322406569,1480.5805805507032,7624.9476457779265,47.430548053343806,1424.349592367564
device_cores,INT4|CPU|pa|pcore|0|u8|True|0|cold|1024|64,10379.48,54.83,1424.2,8470.36,38.245,1429.6463397251412,9337.63996199047,63.06614023280392,1430.295878263566,7624.9476457779265,47.430548053343806,1424.349592367564
device_cores,INT4|CPU|pa|pcore|0|u8|True|0|cold|1024|64,13403.98,63.7,1424.3,8470.36,38.245,1429.6463397251412,8994.385498754154,62.932389099151536,1430.295878263566,7624.9476457779265,47.430548053343806,1424.349592367564
device_cores,INT4|CPU|pa|any|0|u8|True|0|cold|128|64,2000.32,88.14,1306.2,841.7816635275026,46.542800459562265,1304.3333062978727,1397.355401857923,37.82190539389345,1212.1281761305847,1168.729294489626,31.420082813561667,1193.864493725117
device_cores,INT4|CPU|pa|any|0|u8|True|0|cold|128|64,2290.4,80.09,1306.4,841.7816635275026,46.542800459562265,1304.3333062978727,1326.3048879781916,44.278188445486535,1231.1509194304138,1168.729294489626,31.420082813561667,1193.864493725117
device_cores,INT4|CPU|pa|any|0|u8|True|0|cold|128|64,2158.61,72.84,1306.5,841.7816635275026,46.542800459562265,1304.3333062978727,1309.9066459305377,39.56871120420397,1233.5847411910966,1168.729294489626,31.420082813561667,1193.864493725117
device_cores,INT4|CPU|pa|any|4|u8|True|0|cold|1024|64,18855.8,84.71,1427.4,11725.72,52.235,1435.7329033149679,13396.180674340936,66.92917335885335,1424.763412699722,9036.1820182465,54.69864655173237,1424.763910359855
device_cores,INT4|CPU|pa|any|4|u8|True|0|cold|1024|64,14760.8,82.07,1427.6,11725.72,52.235,1435.7329033149679,12220.629921774233,61.163419177385975,1431.476618526894,9036.1820182465,54.69864655173237,1424.763910359855
device_cores,INT4|CPU|pa|any|4|u8|True|0|cold|1024|64,14565.28,81.46,1427.7,11725.72,52.235,1435.7329033149679,13227.540889785045,66.30221020293249,1424.7109985921138,9036.1820182465,54.69864655173237,1424.763910359855
device_cores,INT8|CPU|pa|pcore|0|u8|True|0|cold|128|64,1009.36,61.02,2092.4,1090.5618749999999,52.144999999999996,2091.2696085386897,1381.8038449497735,79.676475395159,2115.218404640219,1387.219635751442,72.13568166622022,1914.6875355635748
device_cores,INT8|CPU|pa|pcore|0|u8|True|0|cold|128|64,1015.98,62.32,2092.7,1090.5618749999999,52.144999999999996,2091.2696085386897,1321.2616113431757,76.97089928880678,2119.5880442357197,1387.219635751442,72.13568166622022,1914.6875355635748
device_cores,INT8|CPU|pa|pcore|0|u8|True|0|cold|128|64,824.16,57.69,2092.7,1090.5618749999999,52.144999999999996,2091.2696085386897,1493.5386177630962,84.89652782041458,2113.9845838438146,1387.219635751442,72.13568166622022,1914.6875355635748
device_cores,INT4|CPU|pa|any|0|u8|True|0|cold|1024|64,14398.4,64.02,1428.7,7111.247431114031,52.66424391393978,1432.2302419434086,10240.003738902571,64.5709113072976,1436.0870836587903,10556.739916221677,50.28562563025117,1452.8977551818743
device_cores,INT4|CPU|pa|any|0|u8|True|0|cold|1024|64,11569.94,76.6,1428.9,7111.247431114031,52.66424391393978,1432.2302419434086,8180.148304678581,68.42279204399645,1443.6644438057535,10556.739916221677,50.28562563025117,1452.8977551818743
device_cores,INT4|CPU|pa|any|0|u8|True|0|cold|1024|64,12353.89,67.68,1429.0,7111.247431114031,52.66424391393978,1432.2302419434086,9644.5444838185,63.34001800031668,1430.3728730626572,10556.739916221677,50.28562563025117,1452.8977551818743
device_cores,INT4|CPU|pa|any|8|u8|True|0|cold|1024|64,12367.23,93.46,1428.4,7748.24,44.11,1435.7329033149679,11942.130888983811,64.32486374045081,1420.522569688027,8915.62315035759,51.74191208392108,1424.7934718149572
device_cores,INT4|CPU|pa|any|8|u8|True|0|cold|1024|64,11777.96,98.71,1428.7,7748.24,44.11,1435.7329033149679,11646.31948707061,63.09573411853379,1426.926488384099,8915.62315035759,51.74191208392108,1424.7934718149572
device_cores,INT4|CPU|pa|any|8|u8|True|0|cold|1024|64,12875.94,74.35,1428.8,7748.24,44.11,1435.7329033149679,10325.433763675985,63.757615216017044,1411.1531896365325,8915.62315035759,51.74191208392108,1424.7934718149572
device_cores,INT4|CPU|pa|ecore|0|u8|True|0|cold|1024|64,9192.27,67.66,1427.5,10285.84,53.545,1433.3051750724146,12945.90499910558,62.509443349251555,1417.263787437498,8638.122134681218,74.2661446863,1424.305761839804
device_cores,INT4|CPU|pa|ecore|0|u8|True|0|cold|1024|64,9309.47,64.98,1427.6,10285.84,53.545,1433.3051750724146,13851.962809529821,67.42365415092233,1417.9606488891575,8638.122134681218,74.2661446863,1424.305761839804
device_cores,INT4|CPU|pa|ecore|0|u8|True|0|cold|1024|64,9917.75,69.45,1427.7,10285.84,53.545,1433.3051750724146,12799.650232771795,69.02966383268158,1424.4630025596357,8638.122134681218,74.2661446863,1424.305761839804
device_cores,INT8|CPU|pa|pcore|0|u8|True|0|cold|1024|64,9559.47,64.37,2214.7,8101.360000000001,58.595,2211.389441807575,12464.239855348407,70.29686919285496,2207.7918853379715,7218.231409248122,55.645727696534315,2211.48233930182
device_cores,INT8|CPU|pa|pcore|0|u8|True|0|cold|1024|64,8578.61,64.77,2214.8,8101.360000000001,58.595,2211.389441807575,12437.832108866307,61.270502295140076,2225.8874100547446,7218.231409248122,55.645727696534315,2211.48233930182
device_cores,INT8|CPU|pa|pcore|0|u8|True|0|cold|1024|64,9485.44,52.54,2215.0,8101.360000000001,58.595,2211.389441807575,12248.71487593627,60.56022065643324,2224.8501146138306,7218.231409248122,55.645727696534315,2211.48233930182
gpu_fp16,FP16|CPU|pa|any|0|u8|True|0|cold|128|64,3496.83,122.12,4068.3,1614.6319896948107,110.84364898989898,4079.2105662235344,1899.3154457036894,111.26339889816126,4099.3975821959575,1497.230030195665,106.94235286758494,4067.9540144714306
gpu_fp16,FP16|CPU|pa|any|0|u8|True|0|cold|128|64,2973.32,124.04,4068.5,1614.6319896948107,110.84364898989898,4079.2105662235344,1939.2371952738613,104.39060504446748,4098.621821971602,1497.230030195665,106.94235286758494,4067.9540144714306
gpu_fp16,FP16|CPU|pa|any|0|u8|True|0|cold|128|64,3178.86,170.5,4068.7,1614.6319896948107,110.84364898989898,4079.2105662235344,1701.8159673314456,119.59876553452011,4093.3477542146347,1497.230030195665,106.94235286758494,4067.9540144714306
gpu_fp16,FP16|CPU|pa|any|0|u8|True|0|cold|1024|64,28343.73,178.31,4191.4,12671.459047619057,58.248426734037864,4174.43128825821,11747.084380418128,101.93483282683563,4117.272674072443,9904.881589333902,112.61186174397619,4294.754905069977
gpu_fp16,FP16|CPU|pa|any|0|u8|True|0|cold|1024|64,26284.36,177.38,4191.8,12671.459047619057,58.248426734037864,4174.43128825821,12922.927966927225,104.37036224071284,4118.014270190535,9904.881589333902,112.61186174397619,4294.754905069977
gpu_fp16,FP16|CPU|pa|any|0|u8|True|0|cold|1024|64,28182.6,164.77,4192.0,12671.459047619057,58.248426734037864,4174.43128825821,12786.906244084641,113.32321393532837,4117.30275159915,9904.881589333902,112.61186174397619,4294.754905069977
gpu_fp16,FP16|GPU|pa|any|0|u8|True|0|cold|1024|64,2739.43,53.55,2570.7,1796.92,48.365,2479.2,1981.333458767955,35.115092482456156,2525.687202862983,3815.8031089542933,43.2716150035008,3475.7497745237265
gpu_fp16,FP16|GPU|pa|any|0|u8|True|0|cold|1024|64,2370.79,54.54,2579.4,1796.92,48.365,2479.2,1873.6448113337642,32.01881385424554,2486.318924029415,3815.8031089542933,43.2716150035008,3475.7497745237265
gpu_fp16,FP16|GPU|pa|any|0|u8|True|0|cold|1024|64,2635.83,50.07,2567.4,1796.92,48.365,2479.2,1913.964637857582,33.33550691205992,2481.613031385714,3815.8031089542933,43.2716150035008,3475.7497745237265
gpu_fp16,FP16|GPU|pa|any|0|u8|True|0|cold|128|64,270.91,54.87,2496.1,294.795625,49.665,2557.3,296.21499855834406,43.52673183890747,3771.966615039723,341.7266801195301,60.38378110968743,3551.2976495648995
gpu_fp16,FP16|GPU|pa|any|0|u8|True|0|cold|128|64,235.37,48.93,2478.6,294.795625,49.665,2557.3,265.475028455194,38.55993534025148,3770.783175048076,341.7266801195301,60.38378110968743,3551.2976495648995
gpu_fp16,FP16|GPU|pa|any|0|u8|True|0|cold|128|64,225.15,44.88,2478.7,294.795625,49.665,2557.3,314.2796004721963,37.88083637645917,3678.4634541767873,341.7266801195301,60.38378110968743,3551.2976495648995
gpu_fp16,FP16|GPU|pa|any|0|u8|True|0|cold|1024|64,2345.94,49.26,2534.5,1796.92,48.365,2479.2,1631.8582342506004,28.557902922570147,2486.252798011496,3815.8031089542933,43.2716150035008,3475.7497745237265
gpu_fp16,FP16|GPU|pa|any|0|u8|True|0|cold|1024|64,2266.34,48.43,2547.2,1796.92,48.365,2479.2,1755.2611317582239,31.655340602530003,2487.5498752672706,3815.8031089542933,43.2716150035008,3475.7497745237265
gpu_fp16,FP16|GPU|pa|any|0|u8|True|0|cold|1024|64,2260.78,48.05,2539.0,1796.92,48.365,2479.2,1902.3897242724097,32.43911082648845,2482.3075212800086,3815.8031089542933,43.2716150035008,3475.7497745237265
gpu_fp16,FP16|CPU|pa|any|0|u8|True|0|cold|1024|64,26386.78,134.49,4190.5,12671.459047619057,58.248426734037864,4174.43128825821,11556.120182913131,123.04999143062842,4061.830879444486,9904.881589333902,112.61186174397619,4294.754905069977
gpu_fp16,FP16|CPU|pa|any|0|u8|True|0|cold|1024|64,24394.4,178.58,4190.8,12671.459047619057,58.248426734037864,4174.43128825821,13610.965640160399,128.812029083251,4120.256346734127,9904.881589333902,112.61186174397619,4294.754905069977
gpu_fp16,FP16|CPU|pa|any|0|u8|True|0|cold|1024|64,28210.01,125.09,4191.0,12671.459047619057,58.248426734037864,4174.43128825821,11556.120182913131,123.04999143062842,4061.830879444486,9904.881589333902,112.61186174397619,4294.754905069977
gpu_fp16,FP16|CPU|pa|any|0|u8|True|0|cold|128|64,3342.19,124.78,4069.4,1614.6319896948107,110.84364898989898,4079.2105662235344,1980.84036595706,100.63106501638437,4097.309253675993,1497.230030195665,106.94235286758494,4067.9540144714306
gpu_fp16,FP16|CPU|pa|any|0|u8|True|0|cold|128|64,4081.91,120.1,4069.6,1614.6319896948107,110.84364898989898,4079.2105662235344,1966.8069569404872,107.825991735818,4099.997931709827,1497.230030195665,106.94235286758494,4067.9540144714306
gpu_fp16,FP16|CPU|pa|any|0|u8|True|0|cold|128|64,4532.54,122.03,4069.8,1614.6319896948107,110.84364898989898,4079.2105662235344,1993.985278873323,105.10137732437028,4095.64228498261,1497.230030195665,106.94235286758494,4067.9540144714306
gpu_fp16,FP16|GPU|pa|any|0|u8|True|0|cold|128|64,190.84,48.31,2565.2,294.795625,49.665,2557.3,346.2879658234768,38.075879110018505,3780.1334156057123,341.7266801195301,60.38378110968743,3551.2976495648995
gpu_fp16,FP16|GPU|pa|any|0|u8|True|0|cold|128|64,224.08,48.42,2479.2,294.795625,49.665,2557.3,272.34544328664725,37.74673275193157,3811.0742708328735,341.7266801195301,60.38378110968743,3551.2976495648995
gpu_fp16,FP16|GPU|pa|any|0|u8|True|0|cold|128|64,210.62,47.56,2479.2,294.795625,49.665,2557.3,272.01584688100445,38.49004725206992,3813.3920319649887,341.7266801195301,60.38378110968743,3551.2976495648995
kv_precision,INT8|CPU|pa|any|0|f32|True|0|cold|256|64,1648.12,63.39,2113.0,1757.1286646942046,63.93474741821811,2114.519047619047,1724.6799589663951,60.18031444984422,2117.8671377482337,1686.323020273512,60.41021893232612,2140.5545558872373
kv_precision,INT8|CPU|pa|any|0|f32|True|0|cold|256|64,1531.26,56.08,2113.2,1757.1286646942046,63.93474741821811,2114.519047619047,1433.654685361611,55.48153272017245,2128.1857908095462,1686.323020273512,60.41021893232612,2140.5545558872373
kv_precision,INT8|CPU|pa|any|0|f32|True|0|cold|256|64,1475.34,54.19,2113.4,1757.1286646942046,63.93474741821811,2114.519047619047,1460.1177177226582,55.23032281423742,2126.1237696975777,1686.323020273512,60.41021893232612,2140.5545558872373
kv_precision,INT4|CPU|pa|any|0|f32|True|0|cold|256|64,1644.68,45.65,1325.8,2009.1871630428534,52.60999822219969,1335.4238095238093,1750.8088403403808,49.61599367524423,1323.9208509270634,1734.754657693902,45.41377580557607,1353.930629429816
kv_precision,INT4|CPU|pa|any|0|f32|True|0|cold|256|64,1662.15,47.32,1326.1,2009.1871630428534,52.60999822219969,1335.4238095238093,2111.3585905827913,50.41387304998642,1324.9361119414855,1734.754657693902,45.41377580557607,1353.930629429816
kv_precision,INT4|CPU|pa|any|0|f32|True|0|cold|256|64,1666.7,43.63,1326.3,2009.1871630428534,52.60999822219969,1335.4238095238093,2111.249130263727,47.36060438331727,1326.7112834724337,1734.754657693902,45.41377580557607,1353.930629429816
kv_precision,INT4|CPU|pa|any|0|u8|True|0|cold|1920|64,12326.07,62.34,1542.0,13368.878497994143,56.297675726218664,1551.1859574802497,12730.868766399057,48.686373534175814,1559.986110264237,13287.92317187851,57.07207410362605,1560.300762598955
kv_precision,INT4|CPU|pa|any|0|u8|True|0|cold|1920|64,14232.57,57.12,1542.2,13368.878497994143,56.297675726218664,1551.1859574802497,14370.314035643092,54.94456503176047,1558.7566480509522,13287.92317187851,57.07207410362605,1560.300762598955
kv_precision,INT4|CPU|pa|any|0|u8|True|0|cold|1920|64,12408.5,52.7,1542.4,13368.878497994143,56.297675726218664,1551.1859574802497,13568.74642762617,49.14915274096247,1562.891975460474,13287.92317187851,57.07207410362605,1560.300762598955
kv_precision,INT4|CPU|pa|any|0|f32|True|0|cold|1024|64,6786.16,48.7,1457.2,7222.605346841006,54.19154748674333,1452.921794871795,6435.195776019115,44.195109111197965,1449.607796871159,4425.430646659303,46.04478654143913,1470.1067968712491
kv_precision,INT4|CPU|pa|any|0|f32|True|0|cold|1024|64,6739.32,48.12,1457.4,7222.605346841006,54.19154748674333,1452.921794871795,6515.384147589303,46.81609693092113,1447.826585030764,4425.430646659303,46.04478654143913,1470.1067968712491
kv_precision,INT4|CPU|pa|any|0|f32|True|0|cold|1024|64,6691.04,41.4,1457.5,7222.605346841006,54.19154748674333,1452.921794871795,6489.778203145962,43.46219595382579,1505.0471301774041,4425.430646659303,46.04478654143913,1470.1067968712491
kv_precision,INT8|CPU|pa|any|0|f16|True|0|cold|1920|64,11979.2,71.05,2344.9,13930.49120352413,79.67175631429036,2344.8305555555544,11552.18623368278,71.4560030134737,2329.7934676378914,11868.800454676846,68.36219851240104,2261.656907492524
kv_precision,INT8|CPU|pa|any|0|f16|True|0|cold|1920|64,11943.81,62.17,2345.1,13930.49120352413,79.67175631429036,2344.8305555555544,13335.189508166337,70.04152928758613,2332.8498087603843,11868.800454676846,68.36219851240104,2261.656907492524
kv_precision,INT8|CPU|pa|any|0|f16|True|0|cold|1920|64,11531.51,61.13,2345.2,13930.49120352413,79.67175631429036,2344.8305555555544,11354.118184308174,73.31682460966617,2334.56210554819,11868.800454676846,68.36219851240104,2261.656907492524
kv_precision,INT8|CPU|pa|any|0|f32|True|0|cold|1920|64,12441.48,65.79,2385.9,13930.49120352413,79.67175631429036,2387.602777777776,12909.898791760497,74.02020775783315,2333.173363481408,12366.755322256005,66.65178011433171,2270.7122022555855
kv_precision,INT8|CPU|pa|any|0|f32|True|0|cold|1920|64,12026.07,65.69,2386.2,13930.49120352413,79.67175631429036,2387.602777777776,12732.305165263397,74.1050975118811,2332.673376555539,12366.755322256005,66.65178011433171,2270.7122022555855
kv_precision,INT8|CPU|pa|any|0|f32|True|0|cold|1920|64,12098.62,65.74,2386.3,13930.49120352413,79.67175631429036,2387.602777777776,12732.305165263397,74.16773688108285,2338.4137633151768,12366.755322256005,66.65178011433171,2270.7122022555855
kv_precision,INT4|CPU|pa|any|0|u8|True|0|cold|1024|64,6488.69,48.77,1418.3,7111.247431114031,52.66424391393978,1432.2302419434086,7218.419580283856,48.35498909198883,1450.341600010458,10556.739916221677,50.28562563025117,1452.8977551818743
kv_precision,INT4|CPU|pa|any|0|u8|True|0|cold|1024|64,6183.86,47.58,1418.6,7111.247431114031,52.66424391393978,1432.2302419434086,7453.985252581082,59.026762427418696,1449.9600001657018,10556.739916221677,50.28562563025117,1452.8977551818743
kv_precision,INT4|CPU|pa|any|0|u8|True|0|cold|1024|64,6529.86,47.36,1418.7,7111.247431114031,52.66424391393978,1432.2302419434086,6707.799746876607,49.59600112853865,1450.9799122812876,10556.739916221677,50.28562563025117,1452.8977551818743
kv_precision,INT8|CPU|pa|any|0|f32|True|0|cold|1024|64,6284.85,60.56,2239.4,7264.860137531112,70.29671089191768,2239.9089743589743,5745.959260372694,65.31552128936862,2234.351313622692,5247.036824234941,65.29704744476561,2250.30356620171
kv_precision,INT8|CPU|pa|any|0|f32|True|0|cold|1024|64,6651.84,60.69,2239.6,7264.860137531112,70.29671089191768,2239.9089743589743,6038.643850709321,64.05448348975688,2232.242064795071,5247.036824234941,65.29704744476561,2250.30356620171
kv_precision,INT8|CPU|pa|any|0|f32|True|0|cold|1024|64,6429.19,54.38,2239.8,7264.860137531112,70.29671089191768,2239.9089743589743,5878.338583644208,66.13474988943366,2234.7061802716767,5247.036824234941,65.29704744476561,2250.30356620171
kv_precision,INT8|CPU|pa|any|0|u8|True|0|cold|256|64,1786.28,59.55,2107.1,1757.1286646942046,63.93474741821811,2108.4980604713555,1771.191782148215,57.11837953217633,2095.739823689351,1820.4018003092378,66.55669955121192,2110.4852898010818
kv_precision,INT8|CPU|pa|any|0|u8|True|0|cold|256|64,1626.48,58.25,2107.4,1757.1286646942046,63.93474741821811,2108.4980604713555,1511.0063992718437,56.482744094485554,2105.197556429699,1820.4018003092378,66.55669955121192,2110.4852898010818
kv_precision,INT8|CPU|pa|any|0|u8|True|0|cold|256|64,1659.17,58.64,2107.6,1757.1286646942046,63.93474741821811,2108.4980604713555,1495.575783427481,56.079182670778515,2104.67195807134,1820.4018003092378,66.55669955121192,2110.4852898010818
kv_precision,INT4|CPU|pa|any|0|f16|True|0|cold|1024|64,6573.24,46.94,1429.9,7111.247431114031,52.66424391393978,1429.1435897435897,7463.651312986121,44.45849709414077,1453.852278668548,5625.630656586131,46.186191728317084,1456.0118243856434
kv_precision,INT4|CPU|pa|any|0|f16|True|0|cold|1024|64,6454.43,45.48,1430.1,7111.247431114031,52.66424391393978,1429.1435897435897,7072.903909350336,52.19013437535601,1454.2948782361786,5625.630656586131,46.186191728317084,1456.0118243856434
kv_precision,INT4|CPU|pa|any|0|f16|True|0|cold|1024|64,5884.38,42.82,1430.2,7111.247431114031,52.66424391393978,1429.1435897435897,7156.663005303921,59.18233758139809,1453.061094487523,5625.630656586131,46.186191728317084,1456.0118243856434
kv_precision,INT8|CPU|pa|any|0|u8|True|0|cold|1024|64,5932.84,60.65,2207.2,7222.616657299889,68.9416067665867,2211.8205289891857,6679.887659015587,65.43004362555725,2227.5468452988785,19487.08124100224,68.70812910617474,2217.0567747499967
kv_precision,INT8|CPU|pa|any|0|u8|True|0|cold|1024|64,6314.0,63.2,2207.4,7222.616657299889,68.9416067665867,2211.8205289891857,6545.800468347165,61.97989679824602,2225.9058618694844,19487.08124100224,68.70812910617474,2217.0567747499967
kv_precision,INT8|CPU|pa|any|0|u8|True|0|cold|1024|64,5800.78,57.94,2207.5,7222.616657299889,68.9416067665867,2211.8205289891857,6858.796581460046,62.20420072301673,2227.0580624832937,19487.08124100224,68.70812910617474,2217.0567747499967
kv_precision,INT8|CPU|pa|any|0|u8|True|0|cold|1920|64,12412.54,69.47,2328.3,12739.827603360334,73.85312980691144,2332.4396949470993,12942.854464976775,70.01356084441319,2360.929097030113,12369.288869958968,74.69921297830268,2339.6571071750136
kv_precision,INT8|CPU|pa|any|0|u8|True|0|cold|1920|64,12996.83,68.79,2328.6,12739.827603360334,73.85312980691144,2332.4396949470993,12674.777521365155,65.8945897556934,2347.09914414579,12369.288869958968,74.69921297830268,2339.6571071750136
kv_precision,INT8|CPU|pa|any|0|u8|True|0|cold|1920|64,11525.76,67.01,2328.7,12739.827603360334,73.85312980691144,2332.4396949470993,11795.27979074543,63.496770450021636,2347.3883300446637,12369.288869958968,74.69921297830268,2339.6571071750136
kv_precision,INT4|CPU|pa|any|0|f32|True|0|cold|1920|64,14959.18,53.78,1599.0,13380.71319870056,58.785687368317284,1609.697222222222,13812.597684665989,51.2688041869939,1552.6430651752858,13484.354491858256,51.306965678157894,1557.160592419612
kv_precision,INT4|CPU|pa|any|0|f32|True|0|cold|1920|64,14583.29,47.66,1599.2,13380.71319870056,58.785687368317284,1609.697222222222,12915.69283745862,52.672355366330905,1555.3009473196612,13484.354491858256,51.306965678157894,1557.160592419612
kv_precision,INT4|CPU|pa|any|0|f32|True|0|cold|1920|64,14236.0,46.42,1599.4,13380.71319870056,58.785687368317284,1609.697222222222,12511.316042135835,51.054335510207274,1557.4479207768275,13484.354491858256,51.306965678157894,1557.160592419612
kv_precision,INT8|CPU|pa|any|0|f16|True|0|cold|256|64,2159.33,61.91,2108.3,1746.861310134992,63.62901508920676,2345.1499999999996,1615.5314665252636,63.643453863341804,2127.2646359568766,1511.0938594330266,57.29481415762571,2106.3173178522215
kv_precision,INT8|CPU|pa|any|0|f16|True|0|cold|256|64,2121.94,60.98,2108.5,1746.861310134992,63.62901508920676,2345.1499999999996,1585.9441946939273,62.22924518167061,2109.17920128683,1511.0938594330266,57.29481415762571,2106.3173178522215
kv_precision,INT8|CPU|pa|any|0|f16|True|0|cold|256|64,1796.73,59.3,2108.7,1746.861310134992,63.62901508920676,2345.1499999999996,1610.4986414155992,62.23295449549024,2106.7489082932393,1511.0938594330266,57.29481415762571,2106.3173178522215
kv_precision,INT4|CPU|pa|any|0|f16|True|0|cold|1920|64,14499.87,55.74,1557.1,13412.919282830157,56.7337064492846,1560.4083333333333,12459.25899886787,49.001323262971646,1549.1503836620284,12904.695021144656,50.54919174304731,1542.7049395799331
kv_precision,INT4|CPU|pa|any|0|f16|True|0|cold|1920|64,14943.46,49.43,1557.3,13412.919282830157,56.7337064492846,1560.4083333333333,13579.384410289935,53.22968265442476,1566.007742824938,12904.695021144656,50.54919174304731,1542.7049395799331
kv_precision,INT4|CPU|pa|any|0|f16|True|0|cold|1920|64,14049.64,49.77,1557.5,13412.919282830157,56.7337064492846,1560.4083333333333,13482.592045399637,49.461406279292895,1560.6630727072113,12904.695021144656,50.54919174304731,1542.7049395799331
kv_precision,INT4|CPU|pa|any|0|u8|True|0|cold|256|64,2060.36,44.53,1318.8,2003.3985090585973,52.25149125393058,1325.0257440028524,1794.6050578605011,46.919492573384304,1325.885024245751,1653.9637450000373,46.474979713596944,1319.602668171894
kv_precision,INT4|CPU|pa|any|0|u8|True|0|cold|256|64,1932.46,43.44,1319.1,2003.3985090585973,52.25149125393058,1325.0257440028524,1852.5467724969117,47.38096688772356,1325.0143912192593,1653.9637450000373,46.474979713596944,1319.602668171894
kv_precision,INT4|CPU|pa|any|0|u8|True|0|cold|256|64,2118.91,49.43,1319.3,2003.3985090585973,52.25149125393058,1325.0257440028524,1841.971129350256,46.919492573384304,1324.2449070289822,1653.9637450000373,46.474979713596944,1319.602668171894
kv_precision,INT4|CPU|pa|any|0|f16|True|0|cold|256|64,2458.25,74.81,1318.9,1987.7797523745628,51.81983736330854,1322.10238095238,1455.1547375808705,42.77508773846512,1321.6084037416344,1905.3853097209424,45.5252968586666,1319.9350311325934
kv_precision,INT4|CPU|pa|any|0|f16|True|0|cold|256|64,1738.09,39.01,1319.1,1987.7797523745628,51.81983736330854,1322.10238095238,1510.7882967158118,39.11127041931326,1279.0157261334596,1905.3853097209424,45.5252968586666,1319.9350311325934
kv_precision,INT4|CPU|pa|any|0|f16|True|0|cold|256|64,1288.41,41.63,1319.3,1987.7797523745628,51.81983736330854,1322.10238095238,1530.2955401735028,46.88729207735595,1321.6568793090937,1905.3853097209424,45.5252968586666,1319.9350311325934
kv_precision,INT8|CPU|pa|any|0|f16|True|0|cold|1024|64,5008.28,60.2,2217.8,7222.616657299889,68.9416067665867,2345.1499999999996,8765.070186000983,69.87444652122569,2234.2643760221094,6363.66770738213,60.14842022563898,2232.1559521652875
kv_precision,INT8|CPU|pa|any|0|f16|True|0|cold|1024|64,5477.35,56.42,2218.1,7222.616657299889,68.9416067665867,2345.1499999999996,8721.999961742125,66.5286581207537,2231.3586278408875,6363.66770738213,60.14842022563898,2232.1559521652875
kv_precision,INT8|CPU|pa|any|0|f16|True|0|cold|1024|64,5458.39,56.0,2218.1,7222.616657299889,68.9416067665867,2345.1499999999996,6750.316699596397,61.971961086562175,2236.405041560459,6363.66770738213,60.14842022563898,2232.1559521652875
kv_precision,INT4|CPU|pa|any|0|f32|True|0|cold|1920|64,11162.41,46.48,1600.3,13380.71319870056,58.785687368317284,1609.697222222222,13373.83312804051,52.30464567763042,1550.6700301253027,13484.354491858256,51.306965678157894,1557.160592419612
kv_precision,INT4|CPU|pa|any|0|f32|True|0|cold|1920|64,11361.16,46.12,1600.5,13380.71319870056,58.785687368317284,1609.697222222222,13282.67515727046,54.11674288071635,1547.6433352921326,13484.354491858256,51.306965678157894,1557.160592419612
kv_precision,INT4|CPU|pa|any|0|f32|True|0|cold|1920|64,11121.22,44.39,1600.7,13380.71319870056,58.785687368317284,1609.697222222222,14170.417240991615,53.614707582416784,1547.0210176707596,13484.354491858256,51.306965678157894,1557.160592419612
kv_precision,INT8|CPU|pa|any|0|u8|True|0|cold|1024|64,5645.4,61.73,2207.7,7222.616657299889,68.9416067665867,2211.8205289891857,6617.882600552035,65.44758755713178,2234.558046641747,19487.08124100224,68.70812910617474,2217.0567747499967
kv_precision,INT8|CPU|pa|any|0|u8|True|0|cold|1024|64,5751.88,63.47,2207.9,7222.616657299889,68.9416067665867,2211.8205289891857,6484.138808635802,58.20307001793845,2234.622567523427,19487.08124100224,68.70812910617474,2217.0567747499967
kv_precision,INT8|CPU|pa|any|0|u8|True|0|cold|1024|64,6000.42,66.04,2208.0,7222.616657299889,68.9416067665867,2211.8205289891857,6755.527446591506,62.80170205768051,2232.8496637895487,19487.08124100224,68.70812910617474,2217.0567747499967
kv_precision,INT4|CPU|pa|any|0|f16|True|0|cold|256|64,1726.32,45.03,1319.4,1987.7797523745628,51.81983736330854,1322.10238095238,1665.5432924502916,47.34151882217021,1320.0729716926833,1905.3853097209424,45.5252968586666,1319.9350311325934
kv_precision,INT4|CPU|pa|any|0|f16|True|0|cold|256|64,1738.43,40.89,1319.6,1987.7797523745628,51.81983736330854,1322.10238095238,1772.0846265644782,46.29076482938145,1319.8452421672484,1905.3853097209424,45.5252968586666,1319.9350311325934
kv_precision,INT4|CPU|pa|any|0|f16|True|0|cold|256|64,1682.51,63.16,1319.9,1987.7797523745628,51.81983736330854,1322.10238095238,1564.9512708819755,45.5548060555168,1321.0509721849528,1905.3853097209424,45.5252968586666,1319.9350311325934
kv_precision,INT8|CPU|pa|any|0|f32|True|0|cold|256|64,1772.13,59.56,2114.4,1757.1286646942046,63.93474741821811,2114.519047619047,1574.0472099605734,60.47617269504841,2134.476660412925,1686.323020273512,60.41021893232612,2140.5545558872373
kv_precision,INT8|CPU|pa|any|0|f32|True|0|cold|256|64,1720.72,66.62,2114.6,1757.1286646942046,63.93474741821811,2114.519047619047,1666.7826323838572,61.63267764703981,2132.863821738862,1686.323020273512,60.41021893232612,2140.5545558872373
kv_precision,INT8|CPU|pa|any|0|f32|True|0|cold|256|64,1297.62,66.08,2114.9,1757.1286646942046,63.93474741821811,2114.519047619047,1688.1218271260138,61.12702544785265,2131.080619849159,1686.323020273512,60.41021893232612,2140.5545558872373
kv_precision,INT4|CPU|pa|any|0|f32|True|0|cold|1024|64,6676.64,46.18,1457.4,7222.605346841006,54.19154748674333,1452.921794871795,6515.030222760089,48.96717955196843,1446.6021982220705,4425.430646659303,46.04478654143913,1470.1067968712491
kv_precision,INT4|CPU|pa|any|0|f32|True|0|cold|1024|64,6549.92,45.67,1457.6,7222.605346841006,54.19154748674333,1452.921794871795,6302.9217031078515,47.660900483754475,1447.6800797719095,4425.430646659303,46.04478654143913,1470.1067968712491
kv_precision,INT4|CPU|pa|any|0|f32|True|0|cold|1024|64,6245.72,43.79,1457.7,7222.605346841006,54.19154748674333,1452.921794871795,6329.843069798239,45.119583984435565,1448.8005869051688,4425.430646659303,46.04478654143913,1470.1067968712491
kv_precision,INT8|CPU|pa|any|0|f16|True|0|cold|256|64,1394.48,59.94,2108.7,1746.861310134992,63.62901508920676,2345.1499999999996,1644.2140475091169,64.1749195396976,2105.5150824943776,1511.0938594330266,57.29481415762571,2106.3173178522215
kv_precision,INT8|CPU|pa|any|0|f16|True|0|cold|256|64,1532.33,58.56,2108.9,1746.861310134992,63.62901508920676,2345.1499999999996,1620.0930187768313,62.422459440711165,2108.334634597736,1511.0938594330266,57.29481415762571,2106.3173178522215
kv_precision,INT8|CPU|pa|any|0|f16|True|0|cold|256|64,1389.11,62.58,2109.1,1746.861310134992,63.62901508920676,2345.1499999999996,1508.9041803518112,63.46517911315852,2109.764278011857,1511.0938594330266,57.29481415762571,2106.3173178522215
kv_precision,INT8|CPU|pa|any|0|f16|True|0|cold|1024|64,5508.88,66.59,2217.2,7222.616657299889,68.9416067665867,2345.1499999999996,6446.679533061534,64.37550212797264,2233.055091756885,6363.66770738213,60.14842022563898,2232.1559521652875
kv_precision,INT8|CPU|pa|any|0|f16|True|0|cold|1024|64,5467.46,79.44,2217.4,7222.616657299889,68.9416067665867,2345.1499999999996,6527.432902533571,59.07062835785625,2230.8706681920053,6363.66770738213,60.14842022563898,2232.1559521652875
kv_precision,INT8|CPU|pa|any|0|f16|True|0|cold|1024|64,5167.39,64.56,2217.5,7222.616657299889,68.9416067665867,2345.1499999999996,6157.23926502051,55.971509902813914,2230.9264102996076,6363.66770738213,60.14842022563898,2232.1559521652875
kv_precision,INT8|CPU|pa|any|0|u8|True|0|cold|1920|64,11875.9,76.96,2330.2,12739.827603360334,73.85312980691144,2332.4396949470993,12710.903533600112,66.27534881857741,2363.5374125755607,12369.288869958968,74.69921297830268,2339.6571071750136
kv_precision,INT8|CPU|pa|any|0|u8|True|0|cold|1920|64,11948.72,68.63,2330.4,12739.827603360334,73.85312980691144,2332.4396949470993,12523.378852443291,65.48620958576748,2347.633693676022,12369.288869958968,74.69921297830268,2339.6571071750136
kv_precision,INT8|CPU|pa|any|0|u8|True|0|cold|1920|64,12176.32,72.39,2330.5,12739.827603360334,73.85312980691144,2332.4396949470993,13159.838678086071,67.36254645209631,2361.141076858811,12369.288869958968,74.69921297830268,2339.6571071750136
kv_precision,INT8|CPU|pa|any|0|f32|True|0|cold|1024|64,6200.7,65.99,2240.6,7264.860137531112,70.29671089191768,2239.9089743589743,6012.2946579408635,63.10748370352372,2232.383435771784,5247.036824234941,65.29704744476561,2250.30356620171
kv_precision,INT8|CPU|pa|any|0|f32|True|0|cold|1024|64,6204.65,62.36,2240.9,7264.860137531112,70.29671089191768,2239.9089743589743,5793.421073002735,64.23759963230991,2232.9908507720047,5247.036824234941,65.29704744476561,2250.30356620171
kv_precision,INT8|CPU|pa|any|0|f32|True|0|cold|1024|64,6064.93,65.44,2241.1,7264.860137531112,70.29671089191768,2239.9089743589743,5691.347454040515,65.36746437735775,2233.249054100624,5247.036824234941,65.29704744476561,2250.30356620171
kv_precision,INT4|CPU|pa|any|0|f16|True|0|cold|1920|64,12406.98,49.48,1556.9,13412.919282830157,56.7337064492846,1560.4083333333333,13604.612784836174,50.84387945196809,1552.068277377637,12904.695021144656,50.54919174304731,1542.7049395799331
kv_precision,INT4|CPU|pa|any|0|f16|True|0|cold|1920|64,12301.12,50.33,1557.1,13412.919282830157,56.7337064492846,1560.4083333333333,12972.713413718913,52.25292112390747,1544.915293288371,12904.695021144656,50.54919174304731,1542.7049395799331
kv_precision,INT4|CPU|pa|any|0|f16|True|0|cold|1920|64,12943.46,53.98,1557.4,13412.919282830157,56.7337064492846,1560.4083333333333,13731.711388836904,51.90732876091011,1544.3111732995353,12904.695021144656,50.54919174304731,1542.7049395799331
kv_precision,INT8|CPU|pa|any|0|f32|True|0|cold|1920|64,12419.96,70.87,2387.5,13930.49120352413,79.67175631429036,2387.602777777776,12733.667135657019,73.11867539988197,2336.040652014619,12366.755322256005,66.65178011433171,2270.7122022555855
kv_precision,INT8|CPU|pa|any|0|f32|True|0|cold|1920|64,12403.5,70.29,2387.7,13930.49120352413,79.67175631429036,2387.602777777776,11994.974537337239,72.19507991087859,2330.74757300591,12366.755322256005,66.65178011433171,2270.7122022555855
kv_precision,INT8|CPU|pa|any|0|f32|True|0|cold|1920|64,12575.9,72.11,2387.8,13930.49120352413,79.67175631429036,2387.602777777776,12980.853685937076,72.49713747486526,2335.865978989356,12366.755322256005,66.65178011433171,2270.7122022555855
kv_precision,INT4|CPU|pa|any|0|f16|True|0|cold|1024|64,6572.4,49.82,1431.0,7111.247431114031,52.66424391393978,1429.1435897435897,7096.625739810267,46.683819517169326,1453.850041386053,5625.630656586131,46.186191728317084,1456.0118243856434
kv_precision,INT4|CPU|pa|any|0|f16|True|0|cold|1024|64,6543.38,48.52,1431.2,7111.247431114031,52.66424391393978,1429.1435897435897,7020.679683582082,45.202694184447175,1455.4719811908928,5625.630656586131,46.186191728317084,1456.0118243856434
kv_precision,INT4|CPU|pa|any|0|f16|True|0|cold|1024|64,6812.68,55.19,1431.3,7111.247431114031,52.66424391393978,1429.1435897435897,7006.78202583059,45.63896826164191,1453.2146662448743,5625.630656586131,46.186191728317084,1456.0118243856434
kv_precision,INT8|CPU|pa|any|0|u8|True|0|cold|256|64,1597.12,51.26,2104.6,1757.1286646942046,63.93474741821811,2108.4980604713555,1486.2478296813676,55.91864462415703,2105.5082156480935,1820.4018003092378,66.55669955121192,2110.4852898010818
kv_precision,INT8|CPU|pa|any|0|u8|True|0|cold|256|64,1302.79,52.77,2104.9,1757.1286646942046,63.93474741821811,2108.4980604713555,1524.6790513710628,55.63170638750236,2103.3785864672077,1820.4018003092378,66.55669955121192,2110.4852898010818
kv_precision,INT8|CPU|pa|any|0|u8|True|0|cold|256|64,1384.88,52.84,2105.1,1757.1286646942046,63.93474741821811,2108.4980604713555,1673.9827077092398,64.73915647146148,2106.5407646183094,1820.4018003092378,66.55669955121192,2110.4852898010818
kv_precision,INT4|CPU|pa|any|0|f32|True|0|cold|256|64,1843.0,44.2,1327.7,2009.1871630428534,52.60999822219969,1335.4238095238093,2032.346487144429,48.330811553329156,1326.4034078051527,1734.754657693902,45.41377580557607,1353.930629429816
kv_precision,INT4|CPU|pa|any|0|f32|True|0|cold|256|64,1614.09,42.97,1327.9,2009.1871630428534,52.60999822219969,1335.4238095238093,2049.7496695869013,48.45199354581237,1325.9291369644868,1734.754657693902,45.41377580557607,1353.930629429816
kv_precision,INT4|CPU|pa|any|0|f32|True|0|cold|256|64,1580.86,44.4,1328.1,2009.1871630428534,52.60999822219969,1335.4238095238093,2061.237686483175,48.75437850039418,1325.8819635220395,1734.754657693902,45.41377580557607,1353.930629429816
kv_precision,INT4|CPU|pa|any|0|u8|True|0|cold|1024|64,6560.33,57.09,1420.3,7111.247431114031,52.66424391393978,1432.2302419434086,7454.197205369828,44.83292906947444,1450.9177311765861,10556.739916221677,50.28562563025117,1452.8977551818743
kv_precision,INT4|CPU|pa|any|0|u8|True|0|cold|1024|64,6774.1,50.59,1420.4,7111.247431114031,52.66424391393978,1432.2302419434086,7038.690260194866,47.21288941093372,1450.8782173979532,10556.739916221677,50.28562563025117,1452.8977551818743
kv_precision,INT4|CPU|pa|any|0|u8|True|0|cold|1024|64,6110.19,45.95,1420.5,7111.247431114031,52.66424391393978,1432.2302419434086,7057.211244461698,47.73204459933936,1454.3979368207704,10556.739916221677,50.28562563025117,1452.8977551818743
kv_precision,INT4|CPU|pa|any|0|u8|True|0|cold|256|64,1921.36,47.61,1318.9,2003.3985090585973,52.25149125393058,1325.0257440028524,1671.8794736827492,44.64100148011535,1325.5895227488222,1653.9637450000373,46.474979713596944,1319.602668171894
kv_precision,INT4|CPU|pa|any|0|u8|True|0|cold|256|64,1725.21,43.56,1319.2,2003.3985090585973,52.25149125393058,1325.0257440028524,1739.6580683639208,48.24690104459735,1323.9952066657,1653.9637450000373,46.474979713596944,1319.602668171894
kv_precision,INT4|CPU|pa|any|0|u8|True|0|cold|256|64,1594.1,43.6,1319.4,2003.3985090585973,52.25149125393058,1325.0257440028524,1678.149914750673,49.58387572498759,1320.6995686537869,1653.9637450000373,46.474979713596944,1319.602668171894
kv_precision,INT4|CPU|pa|any|0|u8|True|0|cold|1920|64,12515.06,56.12,1541.3,13368.878497994143,56.297675726218664,1551.1859574802497,14483.2758768917,52.20303157136717,1557.1947635238164,13287.92317187851,57.07207410362605,1560.300762598955
kv_precision,INT4|CPU|pa|any|0|u8|True|0|cold|1920|64,13053.34,56.77,1541.5,13368.878497994143,56.297675726218664,1551.1859574802497,13247.4181443349,52.24462247635644,1559.7710697561283,13287.92317187851,57.07207410362605,1560.300762598955
kv_precision,INT4|CPU|pa|any|0|u8|True|0|cold|1920|64,13156.88,53.45,1541.7,13368.878497994143,56.297675726218664,1551.1859574802497,13761.102120521386,51.74594272520916,1561.2300169748737,13287.92317187851,57.07207410362605,1560.300762598955
kv_precision,INT8|CPU|pa|any|0|f16|True|0|cold|1920|64,12665.17,70.85,2345.0,13930.49120352413,79.67175631429036,2344.8305555555544,12280.17144109949,72.06362326460784,2325.5893179741324,11868.800454676846,68.36219851240104,2261.656907492524
kv_precision,INT8|CPU|pa|any|0|f16|True|0|cold|1920|64,14355.3,72.44,2345.2,13930.49120352413,79.67175631429036,2344.8305555555544,12410.155812575455,70.31395748919796,2333.817161484569,11868.800454676846,68.36219851240104,2261.656907492524
kv_precision,INT8|CPU|pa|any|0|f16|True|0|cold|1920|64,12890.3,72.25,2345.3,13930.49120352413,79.67175631429036,2344.8305555555544,12200.585696769242,69.13225452563417,2325.9244435840906,11868.800454676846,68.36219851240104,2261.656907492524
load_time,INT4|CPU|pa|any|0|u8|True|0|cold|32|8,462.72,53.94,1291.5,170.05318842894593,45.69563641007252,1282.636504715148,390.17397666476217,48.79403101470241,1297.3231659988114,339.1552761345843,47.174070618138025,1285.751668230893
load_time,INT4|CPU|pa|any|0|u8|True|0|cold|32|8,656.13,63.57,1360.9,170.05318842894593,45.69563641007252,1282.636504715148,384.97437008142026,53.84549934194659,1313.1730932141797,339.1552761345843,47.174070618138025,1285.751668230893
load_time,INT4|GPU|pa|any|0|u8|True|0|cold|32|8,102.87,36.77,1077.7,78.75125,26.634999999999998,1080.3,381.40741161843994,44.24050311065331,1255.3372644567582,329.79440705176773,41.230787611330534,1202.5058055248094
load_time,INT4|GPU|pa|any|0|u8|True|0|cold|32|8,192.57,34.41,1088.6,78.75125,26.634999999999998,1080.3,344.5238897939357,34.76927187138066,1230.89928504772,329.79440705176773,41.230787611330534,1202.5058055248094
load_time,INT4|CPU|pa|any|0|u8|True|0|cold|32|8,779.53,79.36,1363.4,170.05318842894593,45.69563641007252,1282.636504715148,333.12514115614715,41.52494033512442,1290.1024281362374,339.1552761345843,47.174070618138025,1285.751668230893
load_time,INT4|GPU|pa|any|0|u8|True|0|cold|32|8,93.56,24.81,1003.8,78.75125,26.634999999999998,1080.3,388.2448405106656,33.66869849486575,1243.220128996717,329.79440705176773,41.230787611330534,1202.5058055248094
load_time,INT4|CPU|pa|any|0|u8|True|0|cold|32|8,468.39,53.68,1294.5,170.05318842894593,45.69563641007252,1282.636504715148,333.12514115614715,41.51531056197834,1290.1024281362374,339.1552761345843,47.174070618138025,1285.751668230893
load_time,INT4|GPU|pa|any|0|u8|True|0|cold|32|8,102.2,38.62,1269.0,78.75125,26.634999999999998,1080.3,385.92467287748605,43.80264547525609,1254.3151908071789,329.79440705176773,41.230787611330534,1202.5058055248094
load_time,INT4|GPU|pa|any|0|u8|True|0|cold|32|8,168.33,39.84,1004.3,78.75125,26.634999999999998,1080.3,453.70388610272414,43.842228138219625,1255.3593571387494,329.79440705176773,41.230787611330534,1202.5058055248094
load_time,INT4|GPU|pa|any|0|u8|True|0|cold|32|8,106.52,42.92,1274.0,78.75125,26.634999999999998,1080.3,473.3444320318898,42.367904915565546,1139.363475128529,329.79440705176773,41.230787611330534,1202.5058055248094
load_time,INT4|CPU|pa|any|0|u8|True|0|cold|32|8,891.82,77.07,1360.7,170.05318842894593,45.69563641007252,1282.636504715148,479.9500612779133,55.00753763513347,1223.8228365297903,339.1552761345843,47.174070618138025,1285.751668230893
load_time,INT4|CPU|pa|any|0|u8|True|0|cold|32|8,499.86,81.52,1293.8,170.05318842894593,45.69563641007252,1282.636504715148,493.85622122294683,54.87497144016476,1273.7203820365048,339.1552761345843,47.174070618138025,1285.751668230893
prefix_cache,INT8|CPU|pa|any|0|u8|True|0|repeat|512|32,60.62,62.72,2138.2,72.13499999999999,65.28919998838799,2138.3443238145687,49.634823836646596,61.09285342165318,2134.6309970367156,70.75090364535835,63.62691276967916,2139.0140513868037
prefix_cache,INT8|CPU|pa|any|0|u8|True|0|repeat|512|32,57.92,63.23,2138.2,72.13499999999999,65.28919998838799,2138.3443238145687,56.873016249267934,59.826715836438645,2138.180133721493,70.75090364535835,63.62691276967916,2139.0140513868037
prefix_cache,INT8|CPU|pa|any|0|u8|True|0|repeat|512|32,59.18,64.13,2138.3,72.13499999999999,65.28919998838799,2138.3443238145687,48.72212107841649,62.21392715133029,2134.263215985223,70.75090364535835,63.62691276967916,2139.0140513868037
prefix_cache,INT8|CPU|pa|any|0|u8|True|0|repeat|1920|32,70.74,71.76,2326.4,59.9,79.51659192391622,2328.2502344417785,79.08542958568562,81.50155181927815,2327.887149776642,76.55609000548961,74.14798910316362,2326.1742110501013
prefix_cache,INT8|CPU|pa|any|0|u8|True|0|repeat|1920|32,69.99,76.21,2326.4,59.9,79.51659192391622,2328.2502344417785,88.12683613977615,76.7252649535685,2328.773421695245,76.55609000548961,74.14798910316362,2326.1742110501013
prefix_cache,INT8|CPU|pa|any|0|u8|True|0|repeat|1920|32,109.5,73.92,2326.4,59.9,79.51659192391622,2328.2502344417785,85.02467581096403,76.12566465820404,2327.1402641829022,76.55609000548961,74.14798910316362,2326.1742110501013
prefix_cache,INT8|CPU|pa|any|0|u8|False|0|cold|512|32,3646.89,67.12,2140.3,3572.113092523291,65.28919998838799,2138.3443238145687,3025.4046230838176,63.32253380180913,2136.565364154357,3247.0854505765783,73.14016317051514,2139.827503445739
prefix_cache,INT8|CPU|pa|any|0|u8|False|0|cold|512|32,3630.06,66.45,2140.4,3572.113092523291,65.28919998838799,2138.3443238145687,3128.904784961515,64.1160083984014,2140.546788955776,3247.0854505765783,73.14016317051514,2139.827503445739
prefix_cache,INT8|CPU|pa|any|0|u8|False|0|cold|512|32,3555.61,67.54,2140.5,3572.113092523291,65.28919998838799,2138.3443238145687,3037.100658405211,61.55079456907185,2140.8864750122243,3247.0854505765783,73.14016317051514,2139.827503445739
prefix_cache,INT4|CPU|pa|any|0|u8|False|0|cold|1920|32,15089.72,55.25,1540.7,13311.679990920484,56.41452858684127,1560.2784575410976,13368.9089235319,55.1607272420331,1562.4400216455886,13765.255300303876,60.58363173761352,1539.8831997948218
prefix_cache,INT4|CPU|pa|any|0|u8|False|0|cold|1920|32,14663.09,51.68,1540.9,13311.679990920484,56.41452858684127,1560.2784575410976,12366.951163401423,55.730333594267776,1575.2158785755355,13765.255300303876,60.58363173761352,1539.8831997948218
prefix_cache,INT4|CPU|pa|any|0|u8|False|0|cold|1920|32,15164.62,54.17,1540.9,13311.679990920484,56.41452858684127,1560.2784575410976,12220.409527826085,54.3830902571338,1565.090486335024,13765.255300303876,60.58363173761352,1539.8831997948218
prefix_cache,INT4|CPU|pa|any|0|u8|True|0|cold|1920|32,14637.87,58.95,1539.6,13311.679990920484,56.41452858684127,1560.2784575410976,13505.878002423204,53.756909622972316,1562.664417178401,12018.640987581537,59.756932274106376,1539.378297699785
prefix_cache,INT4|CPU|pa|any|0|u8|True|0|cold|1920|32,15173.23,53.66,1539.7,13311.679990920484,56.41452858684127,1560.2784575410976,12772.241090866832,52.979184562026454,1566.7443661378666,12018.640987581537,59.756932274106376,1539.378297699785
prefix_cache,INT4|CPU|pa|any|0|u8|True|0|cold|1920|32,14203.62,56.3,1539.8,13311.679990920484,56.41452858684127,1560.2784575410976,12758.45168932582,53.63495581424409,1548.04677033233,12018.640987581537,59.756932274106376,1539.378297699785
prefix_cache,INT8|CPU|pa|any|0|u8|True|0|cold|1920|32,14757.47,82.89,2324.8,13610.997895658935,75.02895139691789,2328.5180313253427,13764.462043441086,71.70229945878992,2327.9612960978943,16776.626939094163,88.44847219561487,2328.5873903287215
prefix_cache,INT8|CPU|pa|any|0|u8|True|0|cold|1920|32,15385.66,76.73,2324.8,13610.997895658935,75.02895139691789,2328.5180313253427,12268.312384683864,73.01745092577774,2327.27865585725,16776.626939094163,88.44847219561487,2328.5873903287215
prefix_cache,INT8|CPU|pa|any|0|u8|True|0|cold|1920|32,10263.35,83.46,2323.9,13610.997895658935,75.02895139691789,2328.5180313253427,13549.401728243756,67.78380691792655,2325.452050120148,16776.626939094163,88.44847219561487,2328.5873903287215
prefix_cache,INT8|CPU|pa|any|0|u8|False|0|repeat|512|32,2266.41,60.3,2138.6,3563.030038800105,65.63316288801946,2138.6478513535203,65.14321768331031,71.54458265728022,2138.111094233069,81.5888259950669,66.15466089836276,2139.9796735017826
prefix_cache,INT8|CPU|pa|any|0|u8|False|0|repeat|512|32,2552.13,64.37,2138.7,3563.030038800105,65.63316288801946,2138.6478513535203,68.1483084361788,73.46353025463249,2140.4536091290734,81.5888259950669,66.15466089836276,2139.9796735017826
prefix_cache,INT8|CPU|pa|any|0|u8|False|0|repeat|512|32,2497.84,60.56,2138.7,3563.030038800105,65.63316288801946,2138.6478513535203,65.26895017165751,71.80294479744667,2138.1503645258313,81.5888259950669,66.15466089836276,2139.9796735017826
prefix_cache,INT8|CPU|pa|any|0|u8|False|0|repeat|1920|32,10795.96,71.51,2330.2,13684.44884366992,76.03520963256791,2327.6632947407998,13309.208237342023,75.44810930096942,2326.2200546924923,15635.687221960077,86.4687301376305,2329.695259572251
prefix_cache,INT8|CPU|pa|any|0|u8|False|0|repeat|1920|32,11143.14,72.36,2330.7,13684.44884366992,76.03520963256791,2327.6632947407998,12122.770974109544,71.39120072286785,2327.8068362534314,15635.687221960077,86.4687301376305,2329.695259572251
prefix_cache,INT8|CPU|pa|any|0|u8|False|0|repeat|1920|32,11648.13,72.67,2330.7,13684.44884366992,76.03520963256791,2327.6632947407998,12169.033580286385,70.19764569047382,2326.3694167102467,15635.687221960077,86.4687301376305,2329.695259572251
prefix_cache,INT8|CPU|pa|any|0|u8|True|0|cold|512|32,2961.88,56.93,2139.6,3563.030038800105,65.63316288801946,2138.6478513535203,3739.9703636546064,69.14652618561816,2135.4662417737886,3975.157193941563,68.47113483086571,2140.4818733721213
prefix_cache,INT8|CPU|pa|any|0|u8|True|0|cold|512|32,3175.11,56.39,2139.8,3563.030038800105,65.63316288801946,2138.6478513535203,3667.9010642117114,68.8744268894342,2133.45066279268,3975.157193941563,68.47113483086571,2140.4818733721213
prefix_cache,INT8|CPU|pa|any|0|u8|True|0|cold|512|32,2637.02,83.36,2139.9,3563.030038800105,65.63316288801946,2138.6478513535203,3123.556735415657,68.7710889055997,2140.4083298087317,3975.157193941563,68.47113483086571,2140.4818733721213
prefix_cache,INT4|CPU|pa|any|0|u8|False|0|repeat|1920|32,13195.56,63.8,1538.8,13426.066004337983,56.59549750698572,1555.136580156526,13577.479052961437,56.57179988790099,1541.148650093258,15662.662785110444,56.21950524318121,1539.8160676323141
prefix_cache,INT4|CPU|pa|any|0|u8|False|0|repeat|1920|32,12905.34,61.99,1538.8,13426.066004337983,56.59549750698572,1555.136580156526,15487.175171517261,57.57643538022159,1538.242861635557,15662.662785110444,56.21950524318121,1539.8160676323141
prefix_cache,INT4|CPU|pa|any|0|u8|False|0|repeat|1920|32,12274.65,55.5,1538.8,13426.066004337983,56.59549750698572,1555.136580156526,14232.301341866003,53.87260231876581,1545.5962839998867,15662.662785110444,56.21950524318121,1539.8160676323141
prefix_cache,INT4|CPU|pa|any|0|u8|True|0|repeat|512|32,61.31,40.35,1351.6,76.83,53.204763831875404,1355.2431945728129,62.34242195675035,48.28487791814717,1350.9803295670235,75.73254849149991,62.66636399329101,1350.2556146075015
prefix_cache,INT4|CPU|pa|any|0|u8|True|0|repeat|512|32,57.9,42.91,1351.6,76.83,53.204763831875404,1355.2431945728129,64.0354040918402,46.7974052745291,1351.0060861362317,75.73254849149991,62.66636399329101,1350.2556146075015
prefix_cache,INT4|CPU|pa|any|0|u8|True|0|repeat|512|32,40.95,45.27,1351.6,76.83,53.204763831875404,1355.2431945728129,57.396591833029625,47.85129661865737,1352.0151064464008,75.73254849149991,62.66636399329101,1350.2556146075015
prefix_cache,INT4|CPU|pa|any|0|u8|False|0|repeat|512|32,3537.06,48.23,1350.5,3528.6955639217294,49.05696473546731,1354.5785310157619,68.28651766251913,46.05159392218587,1348.7284303677238,87.94746471720238,47.94702037103547,1351.3416758641924
prefix_cache,INT4|CPU|pa|any|0|u8|False|0|repeat|512|32,3277.59,45.63,1350.6,3528.6955639217294,49.05696473546731,1354.5785310157619,68.0689871363707,48.17098679123786,1349.7958357986358,87.94746471720238,47.94702037103547,1351.3416758641924
prefix_cache,INT4|CPU|pa|any|0|u8|False|0|repeat|512|32,3171.59,46.1,1350.6,3528.6955639217294,49.05696473546731,1354.5785310157619,63.33449377526874,45.98003338181974,1347.2657791837587,87.94746471720238,47.94702037103547,1351.3416758641924
prefix_cache,INT4|CPU|pa|any|0|u8|False|0|cold|512|32,3462.32,47.35,1351.1,3763.607489163977,53.204763831875404,1355.2431945728129,3411.961498803266,45.72169622231145,1351.6575534471767,4308.69447552334,47.80542244698211,1351.2751605034437
prefix_cache,INT4|CPU|pa|any|0|u8|False|0|cold|512|32,3106.6,44.87,1351.2,3763.607489163977,53.204763831875404,1355.2431945728129,3451.3091861217313,44.3906642236891,1351.2582904698684,4308.69447552334,47.80542244698211,1351.2751605034437
prefix_cache,INT4|CPU|pa|any|0|u8|False|0|cold|512|32,3159.91,45.54,1351.4,3763.607489163977,53.204763831875404,1355.2431945728129,3379.3231249153296,45.087412973495645,1351.5911862806445,4308.69447552334,47.80542244698211,1351.2751605034437
prefix_cache,INT8|CPU|pa|any|0|u8|False|0|cold|1920|32,11934.5,81.3,2329.6,12739.827603360334,73.748490617779,2328.1164716206877,13575.917894337083,73.83409968041794,2329.0062241103374,12988.133525906418,77.28539098048003,2326.791081552882
prefix_cache,INT8|CPU|pa|any|0|u8|False|0|cold|1920|32,11402.05,97.25,2329.8,12739.827603360334,73.748490617779,2328.1164716206877,14221.70182654719,76.050432658954,2322.98367362736,12988.133525906418,77.28539098048003,2326.791081552882
prefix_cache,INT8|CPU|pa|any|0|u8|False|0|cold|1920|32,12569.85,71.92,2329.9,12739.827603360334,73.748490617779,2328.1164716206877,13099.090493510239,78.00275888910285,2326.112318803793,12988.133525906418,77.28539098048003,2326.791081552882
prefix_cache,INT4|CPU|pa|any|0|u8|True|0|repeat|1920|32,59.39,64.42,1537.2,68.745,56.41452858684127,1560.2784575410976,73.94036660320768,50.643968537383294,1550.2447127481955,78.7988421046655,60.41292951762276,1539.5044872998553
prefix_cache,INT4|CPU|pa|any|0|u8|True|0|repeat|1920|32,58.42,57.92,1537.2,68.745,56.41452858684127,1560.2784575410976,74.39737570982993,51.50572766793903,1536.8657674953308,78.7988421046655,60.41292951762276,1539.5044872998553
prefix_cache,INT4|CPU|pa|any|0|u8|True|0|repeat|1920|32,76.94,55.89,1537.2,68.745,56.41452858684127,1560.2784575410976,80.85651043720904,58.67405101439501,1537.1407931355948,78.7988421046655,60.41292951762276,1539.5044872998553
prefix_cache,INT4|CPU|pa|any|0|u8|True|0|cold|512|32,3564.59,48.86,1350.0,3528.6955639217294,49.05696473546731,1354.5785310157619,3464.4316948978767,48.2021399743219,1349.9717686652286,4188.128914327482,46.769732140293804,1351.7371779731864
prefix_cache,INT4|CPU|pa|any|0|u8|True|0|cold|512|32,3396.81,44.19,1350.2,3528.6955639217294,49.05696473546731,1354.5785310157619,3646.249373550035,46.7297355565298,1350.0496780574563,4188.128914327482,46.769732140293804,1351.7371779731864
prefix_cache,INT4|CPU|pa|any|0|u8|True|0|cold|512|32,3398.63,45.37,1350.3,3528.6955639217294,49.05696473546731,1354.5785310157619,3400.8949936421063,45.71239200921684,1350.1346459205292,4188.128914327482,46.769732140293804,1351.7371779731864
prefix_cache,INT8|CPU|pa|any|0|u8|False|0|cold|512|32,3183.46,71.81,2140.2,3572.113092523291,65.28919998838799,2138.3443238145687,3137.4535044000168,63.774605688712896,2139.4220821986196,3247.0854505765783,73.14016317051514,2139.827503445739
prefix_cache,INT8|CPU|pa|any|0|u8|False|0|cold|512|32,3136.39,70.52,2140.4,3572.113092523291,65.28919998838799,2138.3443238145687,2912.8777288188558,65.56511798170085,2138.991189534747,3247.0854505765783,73.14016317051514,2139.827503445739
prefix_cache,INT8|CPU|pa|any|0|u8|False|0|cold|512|32,3216.1,79.35,2140.5,3572.113092523291,65.28919998838799,2138.3443238145687,3044.7173680498886,70.46591622164131,2138.819679561321,3247.0854505765783,73.14016317051514,2139.827503445739
prefix_cache,INT4|CPU|pa|any|0|u8|False|0|cold|512|32,3552.31,48.36,1351.6,3763.607489163977,53.204763831875404,1355.2431945728129,3291.78525232865,47.504234855104826,1352.0415476516719,4308.69447552334,47.80542244698211,1351.2751605034437
prefix_cache,INT4|CPU|pa|any|0|u8|False|0|cold|512|32,3624.12,48.65,1351.7,3763.607489163977,53.204763831875404,1355.2431945728129,3404.3296930930387,43.60266513379159,1348.7175240104682,4308.69447552334,47.80542244698211,1351.2751605034437
prefix_cache,INT4|CPU|pa|any|0|u8|False|0|cold|512|32,3912.72,46.92,1351.9,3763.607489163977,53.204763831875404,1355.2431945728129,3372.4189653100757,44.81881092715433,1350.9242662242066,4308.69447552334,47.80542244698211,1351.2751605034437
prefix_cache,INT8|CPU|pa|any|0|u8|False|0|repeat|1920|32,15236.43,79.11,2326.6,13684.44884366992,76.03520963256791,2327.6632947407998,12679.668170848632,71.92825003845296,2326.828935571211,15635.687221960077,86.4687301376305,2329.695259572251
prefix_cache,INT8|CPU|pa|any|0|u8|False|0|repeat|1920|32,14129.38,73.1,2326.3,13684.44884366992,76.03520963256791,2327.6632947407998,11520.294957760634,76.67513081019884,2322.1223157458508,15635.687221960077,86.4687301376305,2329.695259572251
prefix_cache,INT8|CPU|pa|any|0|u8|False|0|repeat|1920|32,13825.89,87.49,2326.3,13684.44884366992,76.03520963256791,2327.6632947407998,11323.010146122248,75.44792340762048,2325.5498786131275,15635.687221960077,86.4687301376305,2329.695259572251
prefix_cache,INT8|CPU|pa|any|0|u8|True|0|repeat|512|32,77.71,68.26,2138.7,72.13499999999999,65.28919998838799,2138.3443238145687,78.50427243796857,64.0667936671521,2129.732900568637,70.75090364535835,63.62691276967916,2139.0140513868037
prefix_cache,INT8|CPU|pa|any|0|u8|True|0|repeat|512|32,56.27,72.46,2138.7,72.13499999999999,65.28919998838799,2138.3443238145687,84.41896098297798,60.13481487052923,2138.9232490133404,70.75090364535835,63.62691276967916,2139.0140513868037
prefix_cache,INT8|CPU|pa|any|0|u8|True|0|repeat|512|32,65.21,73.13,2138.7,72.13499999999999,65.28919998838799,2138.3443238145687,85.02030593840713,60.250301206792365,2138.711236567001,70.75090364535835,63.62691276967916,2139.0140513868037
prefix_cache,INT4|CPU|pa|any|0|u8|True|0|repeat|1920|32,91.35,80.26,1538.2,68.745,56.41452858684127,1560.2784575410976,83.63015057014688,65.08909223456139,1545.732041104373,78.7988421046655,60.41292951762276,1539.5044872998553
prefix_cache,INT4|CPU|pa|any|0|u8|True|0|repeat|1920|32,109.78,74.99,1538.2,68.745,56.41452858684127,1560.2784575410976,87.87183238065944,66.3434910943825,1529.8414593848906,78.7988421046655,60.41292951762276,1539.5044872998553
prefix_cache,INT4|CPU|pa|any|0|u8|True|0|repeat|1920|32,76.72,74.09,1538.2,68.745,56.41452858684127,1560.2784575410976,81.09692986938241,68.62606809679086,1539.8369347639536,78.7988421046655,60.41292951762276,1539.5044872998553
prefix_cache,INT4|CPU|pa|any|0|u8|True|0|repeat|512|32,136.64,69.86,1347.4,76.83,53.204763831875404,1355.2431945728129,69.93665801068481,69.30767059425519,1355.3200255073814,75.73254849149991,62.66636399329101,1350.2556146075015
prefix_cache,INT4|CPU|pa|any|0|u8|True|0|repeat|512|32,76.18,64.45,1347.4,76.83,53.204763831875404,1355.2431945728129,69.32567097265182,74.82034160445001,1354.1121175723245,75.73254849149991,62.66636399329101,1350.2556146075015
prefix_cache,INT4|CPU|pa|any|0|u8|True|0|repeat|512|32,121.63,66.16,1347.4,76.83,53.204763831875404,1355.2431945728129,62.737023295601105,71.20395416112277,1352.0478440697193,75.73254849149991,62.66636399329101,1350.2556146075015
prefix_cache,INT8|CPU|pa|any|0|u8|False|0|cold|1920|32,25437.47,106.67,2330.2,12739.827603360334,73.748490617779,2328.1164716206877,13450.092084774024,75.91793293153734,2341.35390800233,12988.133525906418,77.28539098048003,2326.791081552882
prefix_cache,INT8|CPU|pa|any|0|u8|False|0|cold|1920|32,25340.27,111.57,2329.4,12739.827603360334,73.748490617779,2328.1164716206877,13411.838837595416,73.46634077391008,2357.7688174222944,12988.133525906418,77.28539098048003,2326.791081552882
prefix_cache,INT8|CPU|pa|any|0|u8|False|0|cold|1920|32,25385.14,107.25,2329.5,12739.827603360334,73.748490617779,2328.1164716206877,12433.73170745372,77.84820385139804,2345.7378486581056,12988.133525906418,77.28539098048003,2326.791081552882
prefix_cache,INT8|CPU|pa|any|0|u8|True|0|cold|512|32,6613.16,94.67,2139.7,3563.030038800105,65.63316288801946,2138.6478513535203,4111.141238630142,72.53426719781704,2173.1689590263873,3975.157193941563,68.47113483086571,2140.4818733721213
prefix_cache,INT8|CPU|pa|any|0|u8|True|0|cold|512|32,5882.06,112.57,2140.1,3563.030038800105,65.63316288801946,2138.6478513535203,3911.449791314086,72.67079396357938,2134.6321595995246,3975.157193941563,68.47113483086571,2140.4818733721213
prefix_cache,INT8|CPU|pa|any|0|u8|True|0|cold|512|32,6402.34,99.38,2140.2,3563.030038800105,65.63316288801946,2138.6478513535203,3521.835692348829,63.36167575900321,2139.602536679318,3975.157193941563,68.47113483086571,2140.4818733721213
prefix_cache,INT4|CPU|pa|any|0|u8|False|0|repeat|512|32,6447.57,75.66,1351.8,3528.6955639217294,49.05696473546731,1354.5785310157619,53.88185481829613,42.55753389471469,1335.3474302980703,87.94746471720238,47.94702037103547,1351.3416758641924
prefix_cache,INT4|CPU|pa|any|0|u8|False|0|repeat|512|32,6340.93,75.57,1351.8,3528.6955639217294,49.05696473546731,1354.5785310157619,56.581115985644395,46.511898313529514,1351.654041296007,87.94746471720238,47.94702037103547,1351.3416758641924
prefix_cache,INT4|CPU|pa|any|0|u8|False|0|repeat|512|32,6495.5,74.21,1351.9,3528.6955639217294,49.05696473546731,1354.5785310157619,74.64796138664059,48.813066191673464,1356.3123919622453,87.94746471720238,47.94702037103547,1351.3416758641924
prefix_cache,INT4|CPU|pa|any|0|u8|True|0|cold|1920|32,13234.86,59.17,1539.4,13311.679990920484,56.41452858684127,1560.2784575410976,12041.145555341645,61.96806481447778,1538.2764364622424,12018.640987581537,59.756932274106376,1539.378297699785
prefix_cache,INT4|CPU|pa|any|0|u8|True|0|cold|1920|32,13297.23,61.84,1539.4,13311.679990920484,56.41452858684127,1560.2784575410976,12873.253683447521,70.24447800684436,1544.9056667280129,12018.640987581537,59.756932274106376,1539.378297699785
prefix_cache,INT4|CPU|pa|any|0|u8|True|0|cold|1920|32,13132.18,53.0,1539.5,13311.679990920484,56.41452858684127,1560.2784575410976,12286.970014769402,68.78819068126353,1536.5694559546096,12018.640987581537,59.756932274106376,1539.378297699785
prefix_cache,INT8|CPU|pa|any|0|u8|True|0|cold|1920|32,12560.88,71.94,2327.7,13610.997895658935,75.02895139691789,2328.5180313253427,14151.524029120037,78.87887746738612,2335.5432861181384,16776.626939094163,88.44847219561487,2328.5873903287215
prefix_cache,INT8|CPU|pa|any|0|u8|True|0|cold|1920|32,12902.47,75.87,2327.8,13610.997895658935,75.02895139691789,2328.5180313253427,16242.739426391341,81.67394963462496,2338.897636035812,16776.626939094163,88.44847219561487,2328.5873903287215
prefix_cache,INT8|CPU|pa|any|0|u8|True|0|cold|1920|32,12435.86,73.7,2327.9,13610.997895658935,75.02895139691789,2328.5180313253427,13964.689734589421,89.51176160803404,2330.077141691662,16776.626939094163,88.44847219561487,2328.5873903287215
prefix_cache,INT4|CPU|pa|any|0|u8|True|0|cold|512|32,3414.94,45.36,1349.9,3528.6955639217294,49.05696473546731,1354.5785310157619,3752.502699186582,47.24733344052464,1354.1944308756263,4188.128914327482,46.769732140293804,1351.7371779731864
prefix_cache,INT4|CPU|pa|any|0|u8|True|0|cold|512|32,3363.19,48.74,1350.1,3528.6955639217294,49.05696473546731,1354.5785310157619,3733.8225104410844,42.678969670201354,1342.9978528604272,4188.128914327482,46.769732140293804,1351.7371779731864
prefix_cache,INT4|CPU|pa|any|0|u8|True|0|cold|512|32,3435.58,46.62,1350.2,3528.6955639217294,49.05696473546731,1354.5785310157619,3683.580483619269,40.29881781959464,1341.3165991499775,4188.128914327482,46.769732140293804,1351.7371779731864
prefix_cache,INT8|CPU|pa|any|0|u8|False|0|repeat|512|32,3386.66,64.64,2139.3,3563.030038800105,65.63316288801946,2138.6478513535203,84.85873625130982,67.68624245852132,2182.157819425396,81.5888259950669,66.15466089836276,2139.9796735017826
prefix_cache,INT8|CPU|pa|any|0|u8|False|0|repeat|512|32,2733.98,64.31,2139.4,3563.030038800105,65.63316288801946,2138.6478513535203,98.6366683082582,64.1450606072381,2141.6098773777358,81.5888259950669,66.15466089836276,2139.9796735017826
prefix_cache,INT8|CPU|pa|any|0|u8|False|0|repeat|512|32,2870.89,59.69,2139.4,3563.030038800105,65.63316288801946,2138.6478513535203,98.872215168699,67.55735291622511,2137.621791722831,81.5888259950669,66.15466089836276,2139.9796735017826
prefix_cache,INT8|CPU|pa|any|0|u8|True|0|repeat|1920|32,73.53,73.88,2327.4,59.9,79.51659192391622,2328.2502344417785,84.28474627093784,79.5998787286461,2325.453893382558,76.55609000548961,74.14798910316362,2326.1742110501013
prefix_cache,INT8|CPU|pa|any|0|u8|True|0|repeat|1920|32,66.93,72.45,2327.4,59.9,79.51659192391622,2328.2502344417785,81.15199554273994,83.76325915697335,2325.1658259308747,76.55609000548961,74.14798910316362,2326.1742110501013
prefix_cache,INT8|CPU|pa|any|0|u8|True|0|repeat|1920|32,87.64,70.22,2327.4,59.9,79.51659192391622,2328.2502344417785,82.84761280275414,77.45697617317441,2327.0337716177246,76.55609000548961,74.14798910316362,2326.1742110501013
prefix_cache,INT4|CPU|pa|any|0|u8|False|0|cold|1920|32,12454.19,53.13,1539.3,13311.679990920484,56.41452858684127,1560.2784575410976,13270.653622937329,63.59596476460384,1546.8811104224242,13765.255300303876,60.58363173761352,1539.8831997948218
prefix_cache,INT4|CPU|pa|any|0|u8|False|0|cold|1920|32,12505.85,55.53,1539.4,13311.679990920484,56.41452858684127,1560.2784575410976,12651.331958341274,63.86982286368311,1539.671909476879,13765.255300303876,60.58363173761352,1539.8831997948218
prefix_cache,INT4|CPU|pa|any|0|u8|False|0|cold|1920|32,12425.58,56.4,1539.5,13311.679990920484,56.41452858684127,1560.2784575410976,11688.283572383423,56.22213810282607,1547.1631410326977,13765.255300303876,60.58363173761352,1539.8831997948218
prefix_cache,INT4|CPU|pa|any|0|u8|False|0|repeat|1920|32,13501.14,59.21,1540.7,13426.066004337983,56.59549750698572,1555.136580156526,13965.901105692781,64.504135408007,1541.2137553540647,15662.662785110444,56.21950524318121,1539.8160676323141
prefix_cache,INT4|CPU|pa|any|0|u8|False|0|repeat|1920|32,12818.62,59.2,1540.8,13426.066004337983,56.59549750698572,1555.136580156526,13343.502921858175,63.05992953514862,1540.7600500985739,15662.662785110444,56.21950524318121,1539.8160676323141
prefix_cache,INT4|CPU|pa|any|0|u8|False|0|repeat|1920|32,12993.55,65.24,1540.8,13426.066004337983,56.59549750698572,1555.136580156526,13762.230643328772,62.736837052011055,1539.023722147256,15662.662785110444,56.21950524318121,1539.8160676323141
cpp_matrix_cold_raw,FP16|CPU|pa|any|0|u8|True|0|cold|32|32,393.74,114.67,4098.1,1015.7838095238101,125.9884749655488,4051.739245965498,266.7053139387617,106.39008844653522,4065.3423918250987,299.7001712490742,116.42453014692765,4059.59530960683
cpp_matrix_cold_raw,FP16|CPU|pa|any|0|u8|True|0|cold|32|32,497.03,99.58,4098.2,1015.7838095238101,125.9884749655488,4051.739245965498,334.45549434203537,123.11057022628175,4063.4566113636,299.7001712490742,116.42453014692765,4059.59530960683
cpp_matrix_cold_raw,FP16|CPU|pa|any|0|u8|True|0|cold|32|32,614.82,99.36,4098.4,1015.7838095238101,125.9884749655488,4051.739245965498,328.0276749726137,105.0267387071934,4064.5417857486937,299.7001712490742,116.42453014692765,4059.59530960683
cpp_matrix_cold_raw,FP16|CPU|pa|any|0|u8|True|0|cold|32|128,546.36,112.94,4106.0,1015.7838095238101,122.7627583830959,4063.2416249304397,258.51135358846176,96.68948397851,4066.7224956169525,305.298258921261,96.68697536698865,4062.716189091938
cpp_matrix_cold_raw,FP16|CPU|pa|any|0|u8|True|0|cold|32|128,505.18,104.87,4106.1,1015.7838095238101,122.7627583830959,4063.2416249304397,319.42622593133916,127.92828778047651,4065.548529998299,305.298258921261,96.68697536698865,4062.716189091938
cpp_matrix_cold_raw,FP16|CPU|pa|any|0|u8|True|0|cold|32|128,645.06,120.87,4106.4,1015.7838095238101,122.7627583830959,4063.2416249304397,247.23033020707362,110.24282769472498,4061.194565390602,305.298258921261,96.68697536698865,4062.716189091938
cpp_matrix_cold_raw,FP16|CPU|pa|any|0|u8|True|0|cold|128|32,1828.49,90.97,4063.4,2363.169861944773,111.30263164113606,4080.1250093623394,1458.3807019741475,92.71059340261047,4063.4145766856223,1863.2373025893212,115.44107071415684,4054.390824824492
cpp_matrix_cold_raw,FP16|CPU|pa|any|0|u8|True|0|cold|128|32,1710.61,96.37,4063.7,2363.169861944773,111.30263164113606,4080.1250093623394,1641.2823615784203,95.75824121066975,4055.036237658405,1863.2373025893212,115.44107071415684,4054.390824824492
cpp_matrix_cold_raw,FP16|CPU|pa|any|0|u8|True|0|cold|128|32,1860.31,107.02,4063.8,2363.169861944773,111.30263164113606,4080.1250093623394,1487.5807177556158,103.48946565553646,4066.476294386681,1863.2373025893212,115.44107071415684,4054.390824824492
cpp_matrix_cold_raw,FP16|CPU|pa|any|0|u8|True|0|cold|128|128,1613.01,91.03,4066.3,1748.7841010267266,116.21911279295932,4085.8284147444583,2365.376927547784,108.06352081964631,4070.8015171505126,3795.746148848756,126.98640654554197,4059.4317066355534
cpp_matrix_cold_raw,FP16|CPU|pa|any|0|u8|True|0|cold|128|128,1596.56,98.1,4066.8,1748.7841010267266,116.21911279295932,4085.8284147444583,1780.2338650018949,107.00652474658301,4067.751501985921,3795.746148848756,126.98640654554197,4059.4317066355534
cpp_matrix_cold_raw,FP16|CPU|pa|any|0|u8|True|0|cold|128|128,1680.5,92.07,4066.9,1748.7841010267266,116.21911279295932,4085.8284147444583,1745.3892737578053,108.06244129405594,4074.691373085888,3795.746148848756,126.98640654554197,4059.4317066355534
cpp_matrix_cold_raw,FP16|CPU|pa|any|0|u8|True|0|cold|512|32,6805.47,91.06,4114.8,12358.674591836725,128.05748364771918,4123.015664045212,7111.38128777978,98.49317683420685,4100.173860393316,5356.5838944527995,120.3470290069276,4187.681741203669
cpp_matrix_cold_raw,FP16|CPU|pa|any|0|u8|True|0|cold|512|32,6437.74,91.75,4115.2,12358.674591836725,128.05748364771918,4123.015664045212,7358.367711985207,101.68417004424116,4109.938481741491,5356.5838944527995,120.3470290069276,4187.681741203669
cpp_matrix_cold_raw,FP16|CPU|pa|any|0|u8|True|0|cold|512|32,6543.94,91.45,4115.4,12358.674591836725,128.05748364771918,4123.015664045212,6685.746898251431,95.99137180190972,4110.776970366389,5356.5838944527995,120.3470290069276,4187.681741203669
cpp_matrix_cold_raw,FP16|CPU|pa|any|0|u8|True|0|cold|512|128,6563.46,89.0,4116.9,11922.077816091964,129.76685606060605,4133.148133924175,7535.434996469574,125.27635747466866,4134.961694951638,5114.002832645709,98.78757484184888,4120.2629104888565
cpp_matrix_cold_raw,FP16|CPU|pa|any|0|u8|True|0|cold|512|128,6817.2,91.58,4117.5,11922.077816091964,129.76685606060605,4133.148133924175,7372.6737978473775,126.79005771261207,4133.937588804896,5114.002832645709,98.78757484184888,4120.2629104888565
cpp_matrix_cold_raw,FP16|CPU|pa|any|0|u8|True|0|cold|512|128,6765.95,101.93,4117.8,11922.077816091964,129.76685606060605,4133.148133924175,8779.829295860083,84.8204439218895,4097.151806840844,5114.002832645709,98.78757484184888,4120.2629104888565
cpp_matrix_cold_raw,INT8|CPU|pa|any|0|u8|True|0|cold|32|32,266.84,63.81,2074.7,255.10903438302222,61.401066300151136,2073.046295362404,327.0270782027739,81.7758877109819,2091.2980132835487,336.73097147257704,76.29835285824267,2093.3506447622235
cpp_matrix_cold_raw,INT8|CPU|pa|any|0|u8|True|0|cold|32|32,253.22,57.73,2074.9,255.10903438302222,61.401066300151136,2073.046295362404,224.94798881085654,85.19355940068323,2092.136410096237,336.73097147257704,76.29835285824267,2093.3506447622235
cpp_matrix_cold_raw,INT8|CPU|pa|any|0|u8|True|0|cold|32|32,247.36,56.92,2075.0,255.10903438302222,61.401066300151136,2073.046295362404,304.2799304741368,84.19389032755156,2099.5194064995217,336.73097147257704,76.29835285824267,2093.3506447622235
cpp_matrix_cold_raw,INT8|CPU|pa|any|0|u8|True|0|cold|32|128,206.99,56.34,2078.3,149.7660005452303,62.300867169861775,2086.4787672207212,307.0703231516111,62.83717863223535,2082.3471092735967,415.15144012689404,61.218841008732255,2081.351977192374
cpp_matrix_cold_raw,INT8|CPU|pa|any|0|u8|True|0|cold|32|128,234.8,59.28,2078.4,149.7660005452303,62.300867169861775,2086.4787672207212,300.51006643204704,58.516681134972835,2083.3089431083336,415.15144012689404,61.218841008732255,2081.351977192374
cpp_matrix_cold_raw,INT8|CPU|pa|any|0|u8|True|0|cold|32|128,214.3,58.4,2078.7,149.7660005452303,62.300867169861775,2086.4787672207212,293.72608902655077,58.911293129756835,2086.561805355527,415.15144012689404,61.218841008732255,2081.351977192374
cpp_matrix_cold_raw,INT8|CPU|pa|any|0|u8|True|0|cold|128|32,864.74,61.85,2089.3,889.9252328055973,62.02890143494577,2086.015965341639,1253.9152833781948,83.53055203801851,2099.222149207375,1200.245719587879,77.15521458930074,2093.116355612685
cpp_matrix_cold_raw,INT8|CPU|pa|any|0|u8|True|0|cold|128|32,849.89,60.63,2089.5,889.9252328055973,62.02890143494577,2086.015965341639,1257.46665350122,87.41339686662735,2096.1745514016434,1200.245719587879,77.15521458930074,2093.116355612685
cpp_matrix_cold_raw,INT8|CPU|pa|any|0|u8|True|0|cold|128|32,796.44,60.83,2089.6,889.9252328055973,62.02890143494577,2086.015965341639,1197.7382118887465,82.63746294240406,2098.98732417455,1200.245719587879,77.15521458930074,2093.116355612685
cpp_matrix_cold_raw,INT8|CPU|pa|any|0|u8|True|0|cold|128|128,1043.77,60.31,2089.4,845.2714313923027,64.66254849200655,2101.321549690336,1024.473762328592,68.37179051856171,2087.093143723601,870.3393481946916,63.375900027397485,2095.9483987491403
cpp_matrix_cold_raw,INT8|CPU|pa|any|0|u8|True|0|cold|128|128,796.85,58.66,2089.7,845.2714313923027,64.66254849200655,2101.321549690336,976.9103564028488,63.44116382961503,2089.850831901436,870.3393481946916,63.375900027397485,2095.9483987491403
cpp_matrix_cold_raw,INT8|CPU|pa|any|0|u8|True|0|cold|128|128,786.99,59.62,2089.8,845.2714313923027,64.66254849200655,2101.321549690336,1034.0584609613059,65.04877336110283,2094.2068373296306,870.3393481946916,63.375900027397485,2095.9483987491403
cpp_matrix_cold_raw,INT8|CPU|pa|any|0|u8|True|0|cold|512|32,3231.89,61.04,2138.6,3563.030038800105,65.63316288801946,2138.6478513535203,2803.05902259868,63.873907285384504,2136.680752910459,3975.157193941563,68.47113483086571,2140.4818733721213
cpp_matrix_cold_raw,INT8|CPU|pa|any|0|u8|True|0|cold|512|32,3132.64,62.9,2138.7,3563.030038800105,65.63316288801946,2138.6478513535203,2556.9903171788774,64.27135808780828,2138.4144360438,3975.157193941563,68.47113483086571,2140.4818733721213
cpp_matrix_cold_raw,INT8|CPU|pa|any|0|u8|True|0|cold|512|32,3227.58,59.97,2138.9,3563.030038800105,65.63316288801946,2138.6478513535203,2943.601524021411,67.63025086684482,2149.8891355214887,3975.157193941563,68.47113483086571,2140.4818733721213
cpp_matrix_cold_raw,INT8|CPU|pa|any|0|u8|True|0|cold|512|128,4157.73,66.33,2142.1,3566.8646853367763,66.32761874211502,2151.731983221141,3846.1634217844253,60.35573112429604,2124.210636187685,4022.3550130034655,72.42530916524099,2138.8345173656703
cpp_matrix_cold_raw,INT8|CPU|pa|any|0|u8|True|0|cold|512|128,3582.72,66.24,2142.4,3566.8646853367763,66.32761874211502,2151.731983221141,2925.275779390925,56.74646461804027,2130.483399539611,4022.3550130034655,72.42530916524099,2138.8345173656703
cpp_matrix_cold_raw,INT8|CPU|pa|any|0|u8|True|0|cold|512|128,3620.5,65.59,2142.6,3566.8646853367763,66.32761874211502,2151.731983221141,2993.690704380793,57.620266568984874,2131.619101330264,4022.3550130034655,72.42530916524099,2138.8345173656703
cpp_matrix_cold_raw,INT4|CPU|pa|any|0|u8|True|0|cold|32|32,309.58,49.6,1285.1,474.0693776868703,52.01523261252399,1289.0793219010238,346.6949959764238,46.028612275466465,1284.8732771872237,303.21367536403886,51.04630185213993,1301.1616236321327
cpp_matrix_cold_raw,INT4|CPU|pa|any|0|u8|True|0|cold|32|32,325.42,48.61,1285.4,474.0693776868703,52.01523261252399,1289.0793219010238,336.2988792901531,46.228200866283004,1284.6558759858601,303.21367536403886,51.04630185213993,1301.1616236321327
cpp_matrix_cold_raw,INT4|CPU|pa|any|0|u8|True|0|cold|32|32,379.8,43.96,1285.5,474.0693776868703,52.01523261252399,1289.0793219010238,437.39720977204,45.51198634136431,1284.010113662663,303.21367536403886,51.04630185213993,1301.1616236321327
cpp_matrix_cold_raw,INT4|CPU|pa|any|0|u8|True|0|cold|32|128,311.84,48.1,1288.9,403.2976090777462,50.956296143302325,1302.449221463554,322.48207267623485,47.36157069902156,1284.0287268664201,453.62804104240905,49.86543175470153,1287.9356052716566
cpp_matrix_cold_raw,INT4|CPU|pa|any|0|u8|True|0|cold|32|128,355.24,45.89,1289.0,403.2976090777462,50.956296143302325,1302.449221463554,338.08697753648005,48.478286876401256,1296.6078205050933,453.62804104240905,49.86543175470153,1287.9356052716566
cpp_matrix_cold_raw,INT4|CPU|pa|any|0|u8|True|0|cold|32|128,306.38,49.38,1289.3,403.2976090777462,50.956296143302325,1302.449221463554,344.5506168821348,44.678427532184344,1276.9155610329035,453.62804104240905,49.86543175470153,1287.9356052716566
cpp_matrix_cold_raw,INT4|CPU|pa|any|0|u8|True|0|cold|128|32,1026.73,48.16,1300.4,1065.472273243521,51.10340574409407,1302.449221463554,1129.8407452163385,48.239797901673036,1295.2483144117298,1170.631269067217,63.5823387657102,1305.7260275037333
cpp_matrix_cold_raw,INT4|CPU|pa|any|0|u8|True|0|cold|128|32,1054.76,47.25,1300.6,1065.472273243521,51.10340574409407,1302.449221463554,1124.5652750321449,48.152342903878925,1294.7190279573938,1170.631269067217,63.5823387657102,1305.7260275037333
cpp_matrix_cold_raw,INT4|CPU|pa|any|0|u8|True|0|cold|128|32,977.06,48.5,1300.7,1065.472273243521,51.10340574409407,1302.449221463554,1206.103184973856,52.48698129487438,1292.3243718331603,1170.631269067217,63.5823387657102,1305.7260275037333
cpp_matrix_cold_raw,INT4|CPU|pa|any|0|u8|True|0|cold|128|128,1076.26,49.38,1298.6,1112.3106180961336,51.561500534679105,1316.788123238255,789.3210559700257,47.39869375388512,1302.0750154179786,911.9149606328551,51.01871080864896,1309.574534493457
cpp_matrix_cold_raw,INT4|CPU|pa|any|0|u8|True|0|cold|128|128,1009.3,48.02,1299.0,1112.3106180961336,51.561500534679105,1316.788123238255,818.2394272638729,46.55673867279293,1299.1954746084664,911.9149606328551,51.01871080864896,1309.574534493457
cpp_matrix_cold_raw,INT4|CPU|pa|any|0|u8|True|0|cold|128|128,1068.2,48.93,1299.1,1112.3106180961336,51.561500534679105,1316.788123238255,817.697023202574,46.30846970429196,1298.1200146366753,911.9149606328551,51.01871080864896,1309.574534493457
cpp_matrix_cold_raw,INT4|CPU|pa|any|0|u8|True|0|cold|512|32,3839.16,53.74,1351.2,3528.6955639217294,49.05696473546731,1354.5785310157619,3705.8338482992726,46.927618577372755,1363.9829114375398,4188.128914327482,46.769732140293804,1351.7371779731864
cpp_matrix_cold_raw,INT4|CPU|pa|any|0|u8|True|0|cold|512|32,3917.14,56.09,1351.4,3528.6955639217294,49.05696473546731,1354.5785310157619,3778.3617556813047,42.85328658678885,1351.204635666018,4188.128914327482,46.769732140293804,1351.7371779731864
cpp_matrix_cold_raw,INT4|CPU|pa|any|0|u8|True|0|cold|512|32,3983.95,57.39,1351.5,3528.6955639217294,49.05696473546731,1354.5785310157619,3655.420612979981,50.53458993720189,1363.5025300512114,4188.128914327482,46.769732140293804,1351.7371779731864
cpp_matrix_cold_raw,INT4|CPU|pa|any|0|u8|True|0|cold|512|128,3147.58,44.89,1353.5,3743.1341216527335,52.97901234123536,1371.1537270495671,2732.083260310118,47.6312594936114,1351.5086065277735,4540.076709867695,47.64563228837949,1350.4532642606973
cpp_matrix_cold_raw,INT4|CPU|pa|any|0|u8|True|0|cold|512|128,3033.65,45.9,1353.7,3743.1341216527335,52.97901234123536,1371.1537270495671,2869.513762959755,47.286420125900584,1347.1904011300485,4540.076709867695,47.64563228837949,1350.4532642606973
cpp_matrix_cold_raw,INT4|CPU|pa|any|0|u8|True|0|cold|512|128,3166.97,48.43,1353.9,3743.1341216527335,52.97901234123536,1371.1537270495671,2763.141767274391,44.39732634065022,1354.6633260672618,4540.076709867695,47.64563228837949,1350.4532642606973
ab_python_vs_cpp_cpp,FP16|CPU|pa|any|0|u8|True|0|cold|128|32,1092.89,155.6,4062.5,2363.169861944773,111.30263164113606,4080.1250093623394,1118.406706115312,68.96067851798338,2492.0235749340736,1863.2373025893212,115.44107071415684,4054.390824824492
ab_python_vs_cpp_cpp,FP16|CPU|pa|any|0|u8|True|0|cold|128|32,1265.62,160.1,4062.7,2363.169861944773,111.30263164113606,4080.1250093623394,1402.8144378190773,68.01330761283934,2490.6578575442386,1863.2373025893212,115.44107071415684,4054.390824824492
ab_python_vs_cpp_cpp,FP16|CPU|pa|any|0|u8|True|0|cold|128|32,1065.92,137.37,4062.9,2363.169861944773,111.30263164113606,4080.1250093623394,1153.273371322742,61.86526209801623,2490.225083241903,1863.2373025893212,115.44107071415684,4054.390824824492
ab_python_vs_cpp_cpp,INT8|CPU|pa|any|0|u8|True|0|cold|128|128,762.36,63.13,2088.6,845.2714313923027,64.66254849200655,2101.321549690336,1000.5017753519421,60.01735782022725,2087.9182173783643,870.3393481946916,63.375900027397485,2095.9483987491403
ab_python_vs_cpp_cpp,INT8|CPU|pa|any|0|u8|True|0|cold|128|128,707.29,63.17,2088.9,845.2714313923027,64.66254849200655,2101.321549690336,1043.6409360349685,60.275853957349646,2087.7254091393625,870.3393481946916,63.375900027397485,2095.9483987491403
ab_python_vs_cpp_cpp,INT8|CPU|pa|any|0|u8|True|0|cold|128|128,859.78,65.29,2089.0,845.2714313923027,64.66254849200655,2101.321549690336,974.9062285052958,68.57929476397135,2087.2462895361737,870.3393481946916,63.375900027397485,2095.9483987491403
ab_python_vs_cpp_cpp,FP16|CPU|pa|any|0|u8|True|0|cold|128|32,2150.84,133.68,4063.5,2363.169861944773,111.30263164113606,4080.1250093623394,1880.2488714542703,75.64051891921152,2510.4160202686744,1863.2373025893212,115.44107071415684,4054.390824824492
ab_python_vs_cpp_cpp,FP16|CPU|pa|any|0|u8|True|0|cold|128|32,1495.9,145.96,4063.8,2363.169861944773,111.30263164113606,4080.1250093623394,1115.0237077636043,65.47904572284132,2490.2548063319496,1863.2373025893212,115.44107071415684,4054.390824824492
ab_python_vs_cpp_cpp,FP16|CPU|pa|any|0|u8|True|0|cold|128|32,1305.14,129.61,4064.1,2363.169861944773,111.30263164113606,4080.1250093623394,1150.9537022031334,61.84074486918711,2490.2420018605194,1863.2373025893212,115.44107071415684,4054.390824824492
ab_python_vs_cpp_cpp,INT8|CPU|pa|any|0|u8|True|0|cold|128|128,760.78,54.2,2090.1,845.2714313923027,64.66254849200655,2101.321549690336,960.1224945148214,51.647796337822776,2084.8176813200357,870.3393481946916,63.375900027397485,2095.9483987491403
ab_python_vs_cpp_cpp,INT8|CPU|pa|any|0|u8|True|0|cold|128|128,709.53,53.04,2090.4,845.2714313923027,64.66254849200655,2101.321549690336,956.7263968371103,50.213110603883415,2083.806121347983,870.3393481946916,63.375900027397485,2095.9483987491403
ab_python_vs_cpp_cpp,INT8|CPU|pa|any|0|u8|True|0|cold|128|128,735.36,53.51,2090.5,845.2714313923027,64.66254849200655,2101.321549690336,984.1830557127255,51.54634630366064,2085.4826463935897,870.3393481946916,63.375900027397485,2095.9483987491403
ab_python_vs_cpp_cpp,FP16|CPU|pa|any|0|u8|True|0|cold|128|32,1541.81,85.64,4064.2,2363.169861944773,111.30263164113606,4080.1250093623394,971.3873167611392,58.70056350820022,2490.3329779227797,1863.2373025893212,115.44107071415684,4054.390824824492
ab_python_vs_cpp_cpp,FP16|CPU|pa|any|0|u8|True|0|cold|128|32,1584.53,92.54,4064.4,2363.169861944773,111.30263164113606,4080.1250093623394,952.1839711769089,59.02086793456053,2490.1284556324636,1863.2373025893212,115.44107071415684,4054.390824824492
ab_python_vs_cpp_cpp,FP16|CPU|pa|any|0|u8|True|0|cold|128|32,1621.02,90.46,4064.7,2363.169861944773,111.30263164113606,4080.1250093623394,974.3970970042169,58.00755558349221,2488.12780726318,1863.2373025893212,115.44107071415684,4054.390824824492
ab_python_vs_cpp_cpp,INT8|CPU|pa|any|0|u8|True|0|cold|128|128,770.88,53.94,2089.7,845.2714313923027,64.66254849200655,2101.321549690336,946.8385571920401,53.66150340492177,2086.9911080170887,870.3393481946916,63.375900027397485,2095.9483987491403
ab_python_vs_cpp_cpp,INT8|CPU|pa|any|0|u8|True|0|cold|128|128,719.48,54.14,2090.1,845.2714313923027,64.66254849200655,2101.321549690336,946.8385571920401,53.66150340492177,2086.9911080170887,870.3393481946916,63.375900027397485,2095.9483987491403
ab_python_vs_cpp_cpp,INT8|CPU|pa|any|0|u8|True|0|cold|128|128,856.34,57.9,2090.1,845.2714313923027,64.66254849200655,2101.321549690336,1020.6413381763077,48.552955707118436,2077.842786035971,870.3393481946916,63.375900027397485,2095.9483987491403
